standard_inchikey,decision,review_reason,reviewer
ATDGTVJJHBUTRL-UHFFFAOYSA-N,exclude,用户确认氰化溴按无机或拟卤素边界化合物排除,用户人工审核
BABMCXWQNSQAOC-UHFFFAOYSA-M,include,用户确认纳入建模数据,用户人工审核
BAVYZALUXZFZLV-UHFFFAOYSA-N,include,用户确认纳入建模数据,用户人工审核
BDAGIHXWWSANSR-UHFFFAOYSA-N,include,用户确认纳入建模数据,用户人工审核
CIJBKNZDKBKMFU-FIBGUPNXSA-N,include,用户确认纳入建模数据,用户人工审核
CIJBKNZDKBKMFU-SUEIGJEOSA-N,include,用户确认纳入建模数据,用户人工审核
CRDYSYOERSZTHZ-UHFFFAOYSA-N,exclude,用户确认硫氰酸硒钾按无机盐边界化合物排除,用户人工审核
DBUXSCUEGJMZAE-UHFFFAOYSA-N,include,用户确认纳入建模数据,用户人工审核
DIKBFYAXUHHXCS-UHFFFAOYSA-N,include,用户确认纳入建模数据,用户人工审核
DKVNPHBNOWQYFE-UHFFFAOYSA-N,include,用户确认纳入建模数据,用户人工审核
FJBFPHVGVWTDIP-UHFFFAOYSA-N,include,用户确认纳入建模数据,用户人工审核
FMWLUWPQPKEARP-UHFFFAOYSA-N,include,用户确认纳入建模数据,用户人工审核
GATVIKZLVQHOMN-UHFFFAOYSA-N,include,用户确认纳入建模数据,用户人工审核
GZUXJHMPEANEGY-UHFFFAOYSA-N,include,用户确认纳入建模数据,用户人工审核
HBMJWWWQQXIZIP-UHFFFAOYSA-N,include,用户确认纳入建模数据,用户人工审核
HDZGCSFEDULWCS-UHFFFAOYSA-N,include,用户确认纳入建模数据,用户人工审核
HEDRZPFGACZZDS-UHFFFAOYSA-N,include,用户确认纳入建模数据,用户人工审核
INQOMBQAUSQDDS-UHFFFAOYSA-N,include,用户确认纳入建模数据,用户人工审核
IYKVLICPFCEZOF-UHFFFAOYSA-N,include,用户确认纳入建模数据,用户人工审核
JMANVNJQNLATNU-UHFFFAOYSA-N,exclude,用户确认氰按无机或拟卤素边界化合物排除,用户人工审核
JPOXNPPZZKNXOV-UHFFFAOYSA-N,include,用户确认纳入建模数据,用户人工审核
KTQYJQFGNYHXMB-UHFFFAOYSA-N,include,用户确认纳入建模数据,用户人工审核
LSDPWZHWYPCBBB-UHFFFAOYSA-N,exclude,用户确认甲硫醇钠记录排除,用户人工审核
LYGJENNIWJXYER-UHFFFAOYSA-N,include,用户确认纳入建模数据,用户人工审核
MEUKEBNAABNAEX-UHFFFAOYSA-N,include,用户确认纳入建模数据,用户人工审核
NEHMKBQYUWJMIP-UHFFFAOYSA-N,include,用户确认纳入建模数据,用户人工审核
NZZFYRREKKOMAT-UHFFFAOYSA-N,include,用户确认纳入建模数据,用户人工审核
OKJPEAGHQZHRQV-UHFFFAOYSA-N,include,用户确认纳入建模数据,用户人工审核
OKKJLVBELUTLKV-UHFFFAOYSA-N,include,用户确认纳入建模数据,用户人工审核
OXBIRPQQKCQWGV-UHFFFAOYSA-N,include,用户确认纳入建模数据,用户人工审核
QPJDMGCKMHUXFD-UHFFFAOYSA-N,exclude,用户确认氯化氰按无机或拟卤素边界化合物排除,用户人工审核
SQDFHQJTAWCFIB-UHFFFAOYSA-N,include,用户确认纳入建模数据,用户人工审核
UMGDCJDMYOKAJW-UHFFFAOYSA-N,include,用户确认纳入建模数据,用户人工审核
VOPWNXZWBYDODV-UHFFFAOYSA-N,include,用户确认纳入建模数据,用户人工审核
WSFSSNUMVMOOMR-UHFFFAOYSA-N,include,用户确认纳入建模数据,用户人工审核
XSQUKJJJFZCRTK-UHFFFAOYSA-N,include,用户确认纳入建模数据,用户人工审核
XWCDCDSDNJVCLO-UHFFFAOYSA-N,include,用户确认纳入建模数据,用户人工审核
XZBIXDPGRMLSTC-UHFFFAOYSA-N,include,用户确认纳入建模数据,用户人工审核
YAHQGPVDZBJVST-NSCUHMNNSA-N,include,用户确认纳入建模数据,用户人工审核
YGYAWVDWMABLBF-UHFFFAOYSA-N,exclude,用户确认光气排除,用户人工审核
YMWUJEATGCHHMB-UHFFFAOYSA-N,include,用户确认纳入建模数据,用户人工审核
YXHKONLOYHBTNS-UHFFFAOYSA-N,include,用户确认纳入建模数据,用户人工审核
ZHNUHDYFZUAESO-UHFFFAOYSA-N,include,用户确认纳入建模数据,用户人工审核
ZKGSUVMABCXPKK-UHFFFAOYSA-N,include,用户确认纳入建模数据,用户人工审核
