compound_id,dataset_role,clear_positive_count,clear_negative_count,decision,resolved_label,resolution_reason
CMP:AEOCXXJPGCBFJA-UHFFFAOYSA-N,development,1,6,exclude_total_count_le_10,,明确阳性与明确阴性记录总数不超过 10，按规则排除
CMP:AEOCXXJPGCBFJA-UHFFFAOYSA-N,external,1,4,exclude_total_count_le_10,,明确阳性与明确阴性记录总数不超过 10，按规则排除
CMP:AHJKRLASYNVKDZ-UHFFFAOYSA-N,development,3,4,exclude_total_count_le_10,,明确阳性与明确阴性记录总数不超过 10，按规则排除
CMP:AHJKRLASYNVKDZ-UHFFFAOYSA-N,external,1,3,exclude_total_count_le_10,,明确阳性与明确阴性记录总数不超过 10，按规则排除
CMP:AJHUUBJNVIKBGO-UHFFFAOYSA-N,external,1,1,exclude_total_count_le_10,,明确阳性与明确阴性记录总数不超过 10，按规则排除
CMP:ALBYIUDWACNRRB-UHFFFAOYSA-N,development,1,6,exclude_total_count_le_10,,明确阳性与明确阴性记录总数不超过 10，按规则排除
CMP:ALRLPDGCPYIVHP-UHFFFAOYSA-N,external,18,13,exclude_count_margin_le_10,,明确阳性与明确阴性记录数差绝对值不超过 10，按规则排除
CMP:ANUCHZVCBDOPOX-UHFFFAOYSA-N,external,3,1,exclude_total_count_le_10,,明确阳性与明确阴性记录总数不超过 10，按规则排除
CMP:AQKCJDFMDAPELP-UHFFFAOYSA-N,development,15,2,assign_positive,1,明确阳性记录数更多且差值大于 10，按规则标记为阳性
CMP:AQKCJDFMDAPELP-UHFFFAOYSA-N,external,6,4,exclude_total_count_le_10,,明确阳性与明确阴性记录总数不超过 10，按规则排除
CMP:ARSRBNBHOADGJU-UHFFFAOYSA-N,external,48,2,assign_positive,1,明确阳性记录数更多且差值大于 10，按规则标记为阳性
CMP:ARZWATDYIYAUTA-UHFFFAOYSA-N,external,12,9,exclude_count_margin_le_10,,明确阳性与明确阴性记录数差绝对值不超过 10，按规则排除
CMP:ATTZFSUZZUNHBP-UHFFFAOYSA-N,development,1,3,exclude_total_count_le_10,,明确阳性与明确阴性记录总数不超过 10，按规则排除
CMP:ATTZFSUZZUNHBP-UHFFFAOYSA-N,external,1,3,exclude_total_count_le_10,,明确阳性与明确阴性记录总数不超过 10，按规则排除
CMP:AVKHCKXGKPAGEI-UHFFFAOYSA-N,development,2,3,exclude_total_count_le_10,,明确阳性与明确阴性记录总数不超过 10，按规则排除
CMP:AWMVMTVKBNGEAK-UHFFFAOYSA-N,external,8,3,exclude_count_margin_le_10,,明确阳性与明确阴性记录数差绝对值不超过 10，按规则排除
CMP:AWYFNIZYMPNGAI-UHFFFAOYSA-N,development,2,52,assign_negative,0,明确阴性记录数更多且差值大于 10，按规则标记为阴性
CMP:BABMCXWQNSQAOC-UHFFFAOYSA-M,development,4,24,assign_negative,0,明确阴性记录数更多且差值大于 10，按规则标记为阴性
CMP:BABMCXWQNSQAOC-UHFFFAOYSA-M,external,4,8,exclude_count_margin_le_10,,明确阳性与明确阴性记录数差绝对值不超过 10，按规则排除
CMP:BAFKRPOFIYPKBQ-UHFFFAOYSA-N,external,4,2,exclude_total_count_le_10,,明确阳性与明确阴性记录总数不超过 10，按规则排除
CMP:BAJQRLZAPXASRD-UHFFFAOYSA-N,external,1,2,exclude_total_count_le_10,,明确阳性与明确阴性记录总数不超过 10，按规则排除
CMP:BBABSCYTNHOKOG-UHFFFAOYSA-N,external,2,1,exclude_total_count_le_10,,明确阳性与明确阴性记录总数不超过 10，按规则排除
CMP:BFCFYVKQTRLZHA-UHFFFAOYSA-N,development,3,2,exclude_total_count_le_10,,明确阳性与明确阴性记录总数不超过 10，按规则排除
CMP:BFPYWIDHMRZLRN-SLHNCBLASA-N,external,3,3,exclude_total_count_le_10,,明确阳性与明确阴性记录总数不超过 10，按规则排除
CMP:BGRDGMRNKXEXQD-UHFFFAOYSA-N,external,1,6,exclude_total_count_le_10,,明确阳性与明确阴性记录总数不超过 10，按规则排除
CMP:BIWJNBZANLAXMG-UHFFFAOYSA-N,development,28,4,assign_positive,1,明确阳性记录数更多且差值大于 10，按规则标记为阳性
CMP:BIWJNBZANLAXMG-UHFFFAOYSA-N,external,4,1,exclude_total_count_le_10,,明确阳性与明确阴性记录总数不超过 10，按规则排除
CMP:BIWJNBZANLAXMG-YQELWRJZSA-N,external,7,2,exclude_total_count_le_10,,明确阳性与明确阴性记录总数不超过 10，按规则排除
CMP:BLFLLBZGZJTVJG-UHFFFAOYSA-N,development,10,4,exclude_count_margin_le_10,,明确阳性与明确阴性记录数差绝对值不超过 10，按规则排除
CMP:BMIPMKQAAJKBKP-UHFFFAOYSA-N,development,6,1,exclude_total_count_le_10,,明确阳性与明确阴性记录总数不超过 10，按规则排除
CMP:BMKDZUISNHGIBY-UHFFFAOYSA-N,development,5,2,exclude_total_count_le_10,,明确阳性与明确阴性记录总数不超过 10，按规则排除
CMP:BMKDZUISNHGIBY-UHFFFAOYSA-N,external,2,2,exclude_total_count_le_10,,明确阳性与明确阴性记录总数不超过 10，按规则排除
CMP:BMLIZLVNXIYGCK-UHFFFAOYSA-N,development,4,3,exclude_total_count_le_10,,明确阳性与明确阴性记录总数不超过 10，按规则排除
CMP:BMLIZLVNXIYGCK-UHFFFAOYSA-N,external,1,3,exclude_total_count_le_10,,明确阳性与明确阴性记录总数不超过 10，按规则排除
CMP:BNIXVQGCZULYKV-UHFFFAOYSA-N,development,4,1,exclude_total_count_le_10,,明确阳性与明确阴性记录总数不超过 10，按规则排除
CMP:BNIXVQGCZULYKV-UHFFFAOYSA-N,external,2,1,exclude_total_count_le_10,,明确阳性与明确阴性记录总数不超过 10，按规则排除
CMP:BQDAFHDHPLPCLC-UHFFFAOYSA-N,development,1,1,exclude_total_count_le_10,,明确阳性与明确阴性记录总数不超过 10，按规则排除
CMP:BRHWSCIEJDCELY-UHFFFAOYSA-N,external,1,1,exclude_total_count_le_10,,明确阳性与明确阴性记录总数不超过 10，按规则排除
CMP:BRLQWZUYTZBJKN-UHFFFAOYSA-N,development,2,4,exclude_total_count_le_10,,明确阳性与明确阴性记录总数不超过 10，按规则排除
CMP:BTAGRXWGMYTPBY-UHFFFAOYSA-N,external,5,1,exclude_total_count_le_10,,明确阳性与明确阴性记录总数不超过 10，按规则排除
CMP:BZHJMEDXRYGGRV-UHFFFAOYSA-N,external,21,8,assign_positive,1,明确阳性记录数更多且差值大于 10，按规则标记为阳性
CMP:BZLVMXJERCGZMT-UHFFFAOYSA-N,external,6,2,exclude_total_count_le_10,,明确阳性与明确阴性记录总数不超过 10，按规则排除
CMP:BZXUQIDKDGGYPB-UHFFFAOYSA-N,external,2,2,exclude_total_count_le_10,,明确阳性与明确阴性记录总数不超过 10，按规则排除
CMP:CDGNLUSBENXDGG-UHFFFAOYSA-N,development,2,1,exclude_total_count_le_10,,明确阳性与明确阴性记录总数不超过 10，按规则排除
CMP:CDGNLUSBENXDGG-UHFFFAOYSA-N,external,2,1,exclude_total_count_le_10,,明确阳性与明确阴性记录总数不超过 10，按规则排除
CMP:CEHDRGBLVBQUPH-UHFFFAOYSA-N,development,35,2,assign_positive,1,明确阳性记录数更多且差值大于 10，按规则标记为阳性
CMP:CEHDRGBLVBQUPH-UHFFFAOYSA-N,external,20,1,assign_positive,1,明确阳性记录数更多且差值大于 10，按规则标记为阳性
CMP:CFBYEGUGFPZCNF-UHFFFAOYSA-N,external,3,2,exclude_total_count_le_10,,明确阳性与明确阴性记录总数不超过 10，按规则排除
CMP:CFRFHWQYWJMEJN-UHFFFAOYSA-N,external,4,1,exclude_total_count_le_10,,明确阳性与明确阴性记录总数不超过 10，按规则排除
CMP:CHUGKEQJSLOLHL-UHFFFAOYSA-N,development,27,6,assign_positive,1,明确阳性记录数更多且差值大于 10，按规则标记为阳性
CMP:CHUGKEQJSLOLHL-UHFFFAOYSA-N,external,8,1,exclude_total_count_le_10,,明确阳性与明确阴性记录总数不超过 10，按规则排除
CMP:CIZVQWNPBGYCGK-UHFFFAOYSA-N,development,2,4,exclude_total_count_le_10,,明确阳性与明确阴性记录总数不超过 10，按规则排除
CMP:CIZVQWNPBGYCGK-UHFFFAOYSA-N,external,4,2,exclude_total_count_le_10,,明确阳性与明确阴性记录总数不超过 10，按规则排除
CMP:CKAPSXZOOQJIBF-UHFFFAOYSA-N,development,15,1,assign_positive,1,明确阳性记录数更多且差值大于 10，按规则标记为阳性
CMP:CKAPSXZOOQJIBF-UHFFFAOYSA-N,external,3,3,exclude_total_count_le_10,,明确阳性与明确阴性记录总数不超过 10，按规则排除
CMP:CMSMOCZEIVJLDB-UHFFFAOYSA-N,external,6,1,exclude_total_count_le_10,,明确阳性与明确阴性记录总数不超过 10，按规则排除
CMP:CNCOEDDPFOAUMB-UHFFFAOYSA-N,development,7,2,exclude_total_count_le_10,,明确阳性与明确阴性记录总数不超过 10，按规则排除
CMP:CNCOEDDPFOAUMB-UHFFFAOYSA-N,external,2,2,exclude_total_count_le_10,,明确阳性与明确阴性记录总数不超过 10，按规则排除
CMP:CPJSUEIXXCENMM-UHFFFAOYSA-N,development,21,15,exclude_count_margin_le_10,,明确阳性与明确阴性记录数差绝对值不超过 10，按规则排除
CMP:CQBOBCAMYWRTNO-CFEYUBAXSA-N,external,1,3,exclude_total_count_le_10,,明确阳性与明确阴性记录总数不超过 10，按规则排除
CMP:CRQQGFGUEAVUIL-UHFFFAOYSA-N,development,3,4,exclude_total_count_le_10,,明确阳性与明确阴性记录总数不超过 10，按规则排除
CMP:CRQQGFGUEAVUIL-UHFFFAOYSA-N,external,2,2,exclude_total_count_le_10,,明确阳性与明确阴性记录总数不超过 10，按规则排除
CMP:CSCFSVBKSFKSMX-UHFFFAOYSA-N,external,1,3,exclude_total_count_le_10,,明确阳性与明确阴性记录总数不超过 10，按规则排除
CMP:CTRXDTYTAAKVSM-UHFFFAOYSA-N,external,1,6,exclude_total_count_le_10,,明确阳性与明确阴性记录总数不超过 10，按规则排除
CMP:CUARLQDWYSRQDF-UHFFFAOYSA-N,development,15,1,assign_positive,1,明确阳性记录数更多且差值大于 10，按规则标记为阳性
CMP:CUARLQDWYSRQDF-UHFFFAOYSA-N,external,3,1,exclude_total_count_le_10,,明确阳性与明确阴性记录总数不超过 10，按规则排除
CMP:CVBGNAKQQUWBQV-UHFFFAOYSA-N,development,2,1,exclude_total_count_le_10,,明确阳性与明确阴性记录总数不超过 10，按规则排除
CMP:CVHZOJJKTDOEJC-UHFFFAOYSA-N,development,5,30,assign_negative,0,明确阴性记录数更多且差值大于 10，按规则标记为阴性
CMP:CVNSFWDAXAKBIM-UHFFFAOYSA-N,external,1,1,exclude_total_count_le_10,,明确阳性与明确阴性记录总数不超过 10，按规则排除
CMP:CVXBEEMKQHEXEN-UHFFFAOYSA-N,development,1,12,assign_negative,0,明确阴性记录数更多且差值大于 10，按规则标记为阴性
CMP:CVXBEEMKQHEXEN-UHFFFAOYSA-N,external,1,1,exclude_total_count_le_10,,明确阳性与明确阴性记录总数不超过 10，按规则排除
CMP:CXOFVDLJLONNDW-UHFFFAOYSA-N,development,4,21,assign_negative,0,明确阴性记录数更多且差值大于 10，按规则标记为阴性
CMP:CXOFVDLJLONNDW-UHFFFAOYSA-N,external,3,15,assign_negative,0,明确阴性记录数更多且差值大于 10，按规则标记为阴性
CMP:CXSJGNHRBWJXEA-UHFFFAOYSA-N,development,5,2,exclude_total_count_le_10,,明确阳性与明确阴性记录总数不超过 10，按规则排除
CMP:CZGCEKJOLUNIFY-UHFFFAOYSA-N,development,5,5,exclude_total_count_le_10,,明确阳性与明确阴性记录总数不超过 10，按规则排除
CMP:CZIHNRWJTSTCEX-UHFFFAOYSA-N,development,106,1,assign_positive,1,明确阳性记录数更多且差值大于 10，按规则标记为阳性
CMP:CZIHNRWJTSTCEX-UHFFFAOYSA-N,external,37,4,assign_positive,1,明确阳性记录数更多且差值大于 10，按规则标记为阳性
CMP:DBABZHXKTCFAPX-UHFFFAOYSA-N,external,1,3,exclude_total_count_le_10,,明确阳性与明确阴性记录总数不超过 10，按规则排除
CMP:DDBREPKUVSBGFI-UHFFFAOYSA-N,development,30,28,exclude_count_margin_le_10,,明确阳性与明确阴性记录数差绝对值不超过 10，按规则排除
CMP:DDBREPKUVSBGFI-UHFFFAOYSA-N,external,3,3,exclude_total_count_le_10,,明确阳性与明确阴性记录总数不超过 10，按规则排除
CMP:DDUHZTYCFQRHIY-RBHXEPJQSA-N,development,2,6,exclude_total_count_le_10,,明确阳性与明确阴性记录总数不超过 10，按规则排除
CMP:DFBKLUNHFCTMDC-PICURKEMSA-N,development,16,43,assign_negative,0,明确阴性记录数更多且差值大于 10，按规则标记为阴性
CMP:DFBKLUNHFCTMDC-PICURKEMSA-N,external,11,3,exclude_count_margin_le_10,,明确阳性与明确阴性记录数差绝对值不超过 10，按规则排除
CMP:DGAKHGXRMXWHBX-ONEGZZNKSA-N,development,7,1,exclude_total_count_le_10,,明确阳性与明确阴性记录总数不超过 10，按规则排除
CMP:DIIIISSCIXVANO-UHFFFAOYSA-N,external,6,1,exclude_total_count_le_10,,明确阳性与明确阴性记录总数不超过 10，按规则排除
CMP:DIKBFYAXUHHXCS-UHFFFAOYSA-N,development,1,2,exclude_total_count_le_10,,明确阳性与明确阴性记录总数不超过 10，按规则排除
CMP:DIKBFYAXUHHXCS-UHFFFAOYSA-N,external,3,2,exclude_total_count_le_10,,明确阳性与明确阴性记录总数不超过 10，按规则排除
CMP:DJKGDNKYTKCJKD-UHFFFAOYSA-N,development,8,1,exclude_total_count_le_10,,明确阳性与明确阴性记录总数不超过 10，按规则排除
CMP:DJKGDNKYTKCJKD-UHFFFAOYSA-N,external,3,1,exclude_total_count_le_10,,明确阳性与明确阴性记录总数不超过 10，按规则排除
CMP:DJTIANXYHUNHQV-UHFFFAOYSA-N,development,5,1,exclude_total_count_le_10,,明确阳性与明确阴性记录总数不超过 10，按规则排除
CMP:DKGAVHZHDRPRBM-UHFFFAOYSA-N,external,2,1,exclude_total_count_le_10,,明确阳性与明确阴性记录总数不超过 10，按规则排除
CMP:DKOXITJAUZNAPK-UHFFFAOYSA-N,external,7,1,exclude_total_count_le_10,,明确阳性与明确阴性记录总数不超过 10，按规则排除
CMP:DLFVBJFMPXGRIB-UHFFFAOYSA-N,development,6,4,exclude_total_count_le_10,,明确阳性与明确阴性记录总数不超过 10，按规则排除
CMP:DMCULBAURODNDN-UHFFFAOYSA-N,development,3,1,exclude_total_count_le_10,,明确阳性与明确阴性记录总数不超过 10，按规则排除
CMP:DMLAVOWQYNRWNQ-BUHFOSPRSA-N,development,5,2,exclude_total_count_le_10,,明确阳性与明确阴性记录总数不超过 10，按规则排除
CMP:DMLAVOWQYNRWNQ-BUHFOSPRSA-N,external,4,2,exclude_total_count_le_10,,明确阳性与明确阴性记录总数不超过 10，按规则排除
CMP:DMSHKWHLXNDUST-UHFFFAOYSA-N,development,1,6,exclude_total_count_le_10,,明确阳性与明确阴性记录总数不超过 10，按规则排除
CMP:DMVOXQPQNTYEKQ-UHFFFAOYSA-N,development,7,3,exclude_total_count_le_10,,明确阳性与明确阴性记录总数不超过 10，按规则排除
CMP:DOPJTDJKZNWLRB-UHFFFAOYSA-N,external,1,3,exclude_total_count_le_10,,明确阳性与明确阴性记录总数不超过 10，按规则排除
CMP:DQMZLTXERSFNPB-UHFFFAOYSA-N,development,8,1,exclude_total_count_le_10,,明确阳性与明确阴性记录总数不超过 10，按规则排除
CMP:DQMZLTXERSFNPB-UHFFFAOYSA-N,external,2,1,exclude_total_count_le_10,,明确阳性与明确阴性记录总数不超过 10，按规则排除
CMP:DSBIJCMXAIKKKI-UHFFFAOYSA-N,development,4,2,exclude_total_count_le_10,,明确阳性与明确阴性记录总数不超过 10，按规则排除
CMP:DSBIJCMXAIKKKI-UHFFFAOYSA-N,external,2,2,exclude_total_count_le_10,,明确阳性与明确阴性记录总数不超过 10，按规则排除
CMP:DSWLRNLRVBAVFC-UHFFFAOYSA-N,external,2,2,exclude_total_count_le_10,,明确阳性与明确阴性记录总数不超过 10，按规则排除
CMP:DUWYZHLZDVCZIO-UHFFFAOYSA-N,development,35,2,assign_positive,1,明确阳性记录数更多且差值大于 10，按规则标记为阳性
CMP:DVCCCQNKIYNAKB-UHFFFAOYSA-N,external,9,6,exclude_count_margin_le_10,,明确阳性与明确阴性记录数差绝对值不超过 10，按规则排除
CMP:DVKJHBMWWAPEIU-UHFFFAOYSA-N,development,8,23,assign_negative,0,明确阴性记录数更多且差值大于 10，按规则标记为阴性
CMP:DZCCLNYLUGNUKQ-UHFFFAOYSA-N,development,2,3,exclude_total_count_le_10,,明确阳性与明确阴性记录总数不超过 10，按规则排除
CMP:DZCCLNYLUGNUKQ-UHFFFAOYSA-N,external,1,3,exclude_total_count_le_10,,明确阳性与明确阴性记录总数不超过 10，按规则排除
CMP:DZCOAQKTFAIFRV-UHFFFAOYSA-N,development,2,10,exclude_count_margin_le_10,,明确阳性与明确阴性记录数差绝对值不超过 10，按规则排除
CMP:FHKUUILMHIOLID-UHFFFAOYSA-N,external,1,1,exclude_total_count_le_10,,明确阳性与明确阴性记录总数不超过 10，按规则排除
CMP:FIPWRIJSWJWJAI-UHFFFAOYSA-N,development,12,26,assign_negative,0,明确阴性记录数更多且差值大于 10，按规则标记为阴性
CMP:FIPWRIJSWJWJAI-UHFFFAOYSA-N,external,7,8,exclude_count_margin_le_10,,明确阳性与明确阴性记录数差绝对值不超过 10，按规则排除
CMP:FJLGEFLZQAZZCD-JUFISIKESA-N,external,3,13,exclude_count_margin_le_10,,明确阳性与明确阴性记录数差绝对值不超过 10，按规则排除
CMP:FJTNLJLPLJDTRM-UHFFFAOYSA-N,external,2,1,exclude_total_count_le_10,,明确阳性与明确阴性记录总数不超过 10，按规则排除
CMP:FLAQQSHRLBFIEZ-UHFFFAOYSA-N,development,5,4,exclude_total_count_le_10,,明确阳性与明确阴性记录总数不超过 10，按规则排除
CMP:FLAQQSHRLBFIEZ-UHFFFAOYSA-N,external,21,4,assign_positive,1,明确阳性记录数更多且差值大于 10，按规则标记为阳性
CMP:FLVIGYVXZHLUHP-UHFFFAOYSA-N,development,4,2,exclude_total_count_le_10,,明确阳性与明确阴性记录总数不超过 10，按规则排除
CMP:FLVIGYVXZHLUHP-UHFFFAOYSA-N,external,2,2,exclude_total_count_le_10,,明确阳性与明确阴性记录总数不超过 10，按规则排除
CMP:FMGUJLASXUBMOP-UHFFFAOYSA-N,development,1,1,exclude_total_count_le_10,,明确阳性与明确阴性记录总数不超过 10，按规则排除
CMP:FMMWHPNWAFZXNH-UHFFFAOYSA-N,development,13,7,exclude_count_margin_le_10,,明确阳性与明确阴性记录数差绝对值不超过 10，按规则排除
CMP:FMMWHPNWAFZXNH-UHFFFAOYSA-N,external,73,11,assign_positive,1,明确阳性记录数更多且差值大于 10，按规则标记为阳性
CMP:FMWLUWPQPKEARP-UHFFFAOYSA-N,external,6,8,exclude_count_margin_le_10,,明确阳性与明确阴性记录数差绝对值不超过 10，按规则排除
CMP:FNYLWPVRPXGIIP-UHFFFAOYSA-N,external,4,1,exclude_total_count_le_10,,明确阳性与明确阴性记录总数不超过 10，按规则排除
CMP:FQSUTLQHSDLLAN-UHFFFAOYSA-N,development,3,2,exclude_total_count_le_10,,明确阳性与明确阴性记录总数不超过 10，按规则排除
CMP:FQSUTLQHSDLLAN-UHFFFAOYSA-N,external,2,1,exclude_total_count_le_10,,明确阳性与明确阴性记录总数不超过 10，按规则排除
CMP:FRCCEHPWNOQAEU-UHFFFAOYSA-N,development,4,9,exclude_count_margin_le_10,,明确阳性与明确阴性记录数差绝对值不超过 10，按规则排除
CMP:FRCCEHPWNOQAEU-UHFFFAOYSA-N,external,2,1,exclude_total_count_le_10,,明确阳性与明确阴性记录总数不超过 10，按规则排除
CMP:FRCHKSNAZZFGCA-UHFFFAOYSA-N,external,1,1,exclude_total_count_le_10,,明确阳性与明确阴性记录总数不超过 10，按规则排除
CMP:FTOAOBMCPZCFFF-UHFFFAOYSA-N,development,3,1,exclude_total_count_le_10,,明确阳性与明确阴性记录总数不超过 10，按规则排除
CMP:FVGANPIKNNCIKX-UHFFFAOYSA-N,development,1,9,exclude_total_count_le_10,,明确阳性与明确阴性记录总数不超过 10，按规则排除
CMP:GABQNAFEZZDSCM-RMKNXTFCSA-N,external,3,1,exclude_total_count_le_10,,明确阳性与明确阴性记录总数不超过 10，按规则排除
CMP:GABQNAFEZZDSCM-UHFFFAOYSA-N,development,5,1,exclude_total_count_le_10,,明确阳性与明确阴性记录总数不超过 10，按规则排除
CMP:GATVIKZLVQHOMN-UHFFFAOYSA-N,external,1,2,exclude_total_count_le_10,,明确阳性与明确阴性记录总数不超过 10，按规则排除
CMP:GBHCABUWWQUMAJ-UHFFFAOYSA-N,development,2,5,exclude_total_count_le_10,,明确阳性与明确阴性记录总数不超过 10，按规则排除
CMP:GDBQQVLCIARPGH-BSOSBYQFSA-N,development,1,3,exclude_total_count_le_10,,明确阳性与明确阴性记录总数不超过 10，按规则排除
CMP:GGLZPLKKBSSKCX-YFKPBYRVSA-N,external,3,1,exclude_total_count_le_10,,明确阳性与明确阴性记录总数不超过 10，按规则排除
CMP:GHASVSINZRGABV-UHFFFAOYSA-N,development,3,20,assign_negative,0,明确阴性记录数更多且差值大于 10，按规则标记为阴性
CMP:GHASVSINZRGABV-UHFFFAOYSA-N,external,2,4,exclude_total_count_le_10,,明确阳性与明确阴性记录总数不超过 10，按规则排除
CMP:GMGWMIJIGUYNAY-UHFFFAOYSA-N,development,10,2,exclude_count_margin_le_10,,明确阳性与明确阴性记录数差绝对值不超过 10，按规则排除
CMP:GOOHAUXETOMSMM-UHFFFAOYSA-N,external,8,1,exclude_total_count_le_10,,明确阳性与明确阴性记录总数不超过 10，按规则排除
CMP:GQCZPFJGIXHZMB-UHFFFAOYSA-N,development,3,1,exclude_total_count_le_10,,明确阳性与明确阴性记录总数不超过 10，按规则排除
CMP:GQCZPFJGIXHZMB-UHFFFAOYSA-N,external,2,1,exclude_total_count_le_10,,明确阳性与明确阴性记录总数不超过 10，按规则排除
CMP:GSEJCLTVZPLZKY-UHFFFAOYSA-N,development,2,12,exclude_count_margin_le_10,,明确阳性与明确阴性记录数差绝对值不超过 10，按规则排除
CMP:GSEJCLTVZPLZKY-UHFFFAOYSA-N,external,2,3,exclude_total_count_le_10,,明确阳性与明确阴性记录总数不超过 10，按规则排除
CMP:GTCAXTIRRLKXRU-UHFFFAOYSA-N,development,4,2,exclude_total_count_le_10,,明确阳性与明确阴性记录总数不超过 10，按规则排除
CMP:GTCAXTIRRLKXRU-UHFFFAOYSA-N,external,2,2,exclude_total_count_le_10,,明确阳性与明确阴性记录总数不超过 10，按规则排除
CMP:GTVWRXDRKAHEAD-UHFFFAOYSA-N,external,2,5,exclude_total_count_le_10,,明确阳性与明确阴性记录总数不超过 10，按规则排除
CMP:GUOSQNAUYHMCRU-UHFFFAOYSA-N,development,3,3,exclude_total_count_le_10,,明确阳性与明确阴性记录总数不超过 10，按规则排除
CMP:GUOSQNAUYHMCRU-UHFFFAOYSA-N,external,1,2,exclude_total_count_le_10,,明确阳性与明确阴性记录总数不超过 10，按规则排除
CMP:GVEPBJHOBDJJJI-UHFFFAOYSA-N,external,8,1,exclude_total_count_le_10,,明确阳性与明确阴性记录总数不超过 10，按规则排除
CMP:GZUXJHMPEANEGY-UHFFFAOYSA-N,external,2,12,exclude_count_margin_le_10,,明确阳性与明确阴性记录数差绝对值不超过 10，按规则排除
CMP:HANJUZBUHHOFCC-UHFFFAOYSA-N,development,9,1,exclude_total_count_le_10,,明确阳性与明确阴性记录总数不超过 10，按规则排除
CMP:HBOMLICNUCNMMY-XLPZGREQSA-N,development,4,2,exclude_total_count_le_10,,明确阳性与明确阴性记录总数不超过 10，按规则排除
CMP:HBOMLICNUCNMMY-XLPZGREQSA-N,external,3,2,exclude_total_count_le_10,,明确阳性与明确阴性记录总数不超过 10，按规则排除
CMP:HCAJEUSONLESMK-UHFFFAOYSA-N,development,3,11,exclude_count_margin_le_10,,明确阳性与明确阴性记录数差绝对值不超过 10，按规则排除
CMP:HDEPBBATNLJTLO-UHFFFAOYSA-N,external,5,3,exclude_total_count_le_10,,明确阳性与明确阴性记录总数不超过 10，按规则排除
CMP:HDZGCSFEDULWCS-UHFFFAOYSA-N,development,11,2,exclude_count_margin_le_10,,明确阳性与明确阴性记录数差绝对值不超过 10，按规则排除
CMP:HDZGCSFEDULWCS-UHFFFAOYSA-N,external,6,4,exclude_total_count_le_10,,明确阳性与明确阴性记录总数不超过 10，按规则排除
CMP:HEDRZPFGACZZDS-UHFFFAOYSA-N,development,16,40,assign_negative,0,明确阴性记录数更多且差值大于 10，按规则标记为阴性
CMP:HEDRZPFGACZZDS-UHFFFAOYSA-N,external,8,12,exclude_count_margin_le_10,,明确阳性与明确阴性记录数差绝对值不超过 10，按规则排除
CMP:HEMJJKBWTPKOJG-UHFFFAOYSA-N,development,1,8,exclude_total_count_le_10,,明确阳性与明确阴性记录总数不超过 10，按规则排除
CMP:HFVNWDWLWUCIHC-GUPDPFMOSA-N,development,1,2,exclude_total_count_le_10,,明确阳性与明确阴性记录总数不超过 10，按规则排除
CMP:HGUFODBRKLSHSI-UHFFFAOYSA-N,development,18,1,assign_positive,1,明确阳性记录数更多且差值大于 10，按规则标记为阳性
CMP:HGUFODBRKLSHSI-UHFFFAOYSA-N,external,10,1,exclude_count_margin_le_10,,明确阳性与明确阴性记录数差绝对值不超过 10，按规则排除
CMP:HIQMSTLVIQOADM-UHFFFAOYSA-N,development,1,1,exclude_total_count_le_10,,明确阳性与明确阴性记录总数不超过 10，按规则排除
CMP:HJOVHMDZYOCNQW-UHFFFAOYSA-N,external,1,2,exclude_total_count_le_10,,明确阳性与明确阴性记录总数不超过 10，按规则排除
CMP:HJUFTIJOISQSKQ-UHFFFAOYSA-N,external,1,3,exclude_total_count_le_10,,明确阳性与明确阴性记录总数不超过 10，按规则排除
CMP:HKGJFHDHCGYJAM-UHFFFAOYSA-N,external,1,1,exclude_total_count_le_10,,明确阳性与明确阴性记录总数不超过 10，按规则排除
CMP:HKIOYBQGHSTUDB-UHFFFAOYSA-N,development,11,12,exclude_count_margin_le_10,,明确阳性与明确阴性记录数差绝对值不超过 10，按规则排除
CMP:HKIOYBQGHSTUDB-UHFFFAOYSA-N,external,4,1,exclude_total_count_le_10,,明确阳性与明确阴性记录总数不超过 10，按规则排除
CMP:HNQBPUIXFDQDRJ-UHFFFAOYSA-N,external,7,2,exclude_total_count_le_10,,明确阳性与明确阴性记录总数不超过 10，按规则排除
CMP:HOMAGVUCNZNWBC-UHFFFAOYSA-N,development,5,2,exclude_total_count_le_10,,明确阳性与明确阴性记录总数不超过 10，按规则排除
CMP:HOMGKSMUEGBAAB-UHFFFAOYSA-N,development,4,4,exclude_total_count_le_10,,明确阳性与明确阴性记录总数不超过 10，按规则排除
CMP:HOMGKSMUEGBAAB-UHFFFAOYSA-N,external,3,2,exclude_total_count_le_10,,明确阳性与明确阴性记录总数不超过 10，按规则排除
CMP:HQCHAOKWWKLXQH-UHFFFAOYSA-N,development,4,2,exclude_total_count_le_10,,明确阳性与明确阴性记录总数不超过 10，按规则排除
CMP:HQCHAOKWWKLXQH-UHFFFAOYSA-N,external,2,2,exclude_total_count_le_10,,明确阳性与明确阴性记录总数不超过 10，按规则排除
CMP:HQUQLFOMPYWACS-UHFFFAOYSA-N,external,4,1,exclude_total_count_le_10,,明确阳性与明确阴性记录总数不超过 10，按规则排除
CMP:HRQGCQVOJVTVLU-UHFFFAOYSA-N,development,7,3,exclude_total_count_le_10,,明确阳性与明确阴性记录总数不超过 10，按规则排除
CMP:HRYZWHHZPQKTII-UHFFFAOYSA-N,external,2,3,exclude_total_count_le_10,,明确阳性与明确阴性记录总数不超过 10，按规则排除
CMP:HSSBORCLYSCBJR-UHFFFAOYSA-N,development,1,5,exclude_total_count_le_10,,明确阳性与明确阴性记录总数不超过 10，按规则排除
CMP:HSSBORCLYSCBJR-UHFFFAOYSA-N,external,1,2,exclude_total_count_le_10,,明确阳性与明确阴性记录总数不超过 10，按规则排除
CMP:HUMNYLRZRPPJDN-UHFFFAOYSA-N,external,2,2,exclude_total_count_le_10,,明确阳性与明确阴性记录总数不超过 10，按规则排除
CMP:HUWXDEQWWKGHRV-UHFFFAOYSA-N,development,6,2,exclude_total_count_le_10,,明确阳性与明确阴性记录总数不超过 10，按规则排除
CMP:HVHNMNGARPCGGD-UHFFFAOYSA-N,development,1,3,exclude_total_count_le_10,,明确阳性与明确阴性记录总数不超过 10，按规则排除
CMP:HVHNMNGARPCGGD-UHFFFAOYSA-N,external,1,3,exclude_total_count_le_10,,明确阳性与明确阴性记录总数不超过 10，按规则排除
CMP:HYBBIBNJHNGZAN-UHFFFAOYSA-N,development,3,5,exclude_total_count_le_10,,明确阳性与明确阴性记录总数不超过 10，按规则排除
CMP:HYBBIBNJHNGZAN-UHFFFAOYSA-N,external,3,2,exclude_total_count_le_10,,明确阳性与明确阴性记录总数不超过 10，按规则排除
CMP:IAIWVQXQOWNYOU-FPYGCLRLSA-N,external,5,3,exclude_total_count_le_10,,明确阳性与明确阴性记录总数不超过 10，按规则排除
CMP:IAIWVQXQOWNYOU-UHFFFAOYSA-N,development,6,1,exclude_total_count_le_10,,明确阳性与明确阴性记录总数不超过 10，按规则排除
CMP:IAKOZHOLGAGEJT-UHFFFAOYSA-N,external,1,4,exclude_total_count_le_10,,明确阳性与明确阴性记录总数不超过 10，按规则排除
CMP:IANQTJSKSUMEQM-UHFFFAOYSA-N,development,8,1,exclude_total_count_le_10,,明确阳性与明确阴性记录总数不超过 10，按规则排除
CMP:IANQTJSKSUMEQM-UHFFFAOYSA-N,external,3,1,exclude_total_count_le_10,,明确阳性与明确阴性记录总数不超过 10，按规则排除
CMP:IAYPIBMASNFSPL-UHFFFAOYSA-N,development,18,5,assign_positive,1,明确阳性记录数更多且差值大于 10，按规则标记为阳性
CMP:IAYPIBMASNFSPL-UHFFFAOYSA-N,external,9,1,exclude_total_count_le_10,,明确阳性与明确阴性记录总数不超过 10，按规则排除
CMP:IBOFVQJTBBUKMU-UHFFFAOYSA-N,development,28,10,assign_positive,1,明确阳性记录数更多且差值大于 10，按规则标记为阳性
CMP:ILGJVPVZCNNBKI-UHFFFAOYSA-N,external,1,1,exclude_total_count_le_10,,明确阳性与明确阴性记录总数不超过 10，按规则排除
CMP:IMAGWKUTFZRWSB-UHFFFAOYSA-N,development,5,2,exclude_total_count_le_10,,明确阳性与明确阴性记录总数不超过 10，按规则排除
CMP:IRIAEXORFWYRCZ-UHFFFAOYSA-N,external,3,7,exclude_total_count_le_10,,明确阳性与明确阴性记录总数不超过 10，按规则排除
CMP:IRPXADUBAQAOKL-UHFFFAOYSA-N,development,3,6,exclude_total_count_le_10,,明确阳性与明确阴性记录总数不超过 10，按规则排除
CMP:ISAKRJDGNUQOIC-UHFFFAOYSA-N,external,3,1,exclude_total_count_le_10,,明确阳性与明确阴性记录总数不超过 10，按规则排除
CMP:IUQLCQSKKGSTBR-UHFFFAOYSA-N,development,4,1,exclude_total_count_le_10,,明确阳性与明确阴性记录总数不超过 10，按规则排除
CMP:IVEXWRHLJIZLHF-UHFFFAOYSA-N,development,15,2,assign_positive,1,明确阳性记录数更多且差值大于 10，按规则标记为阳性
CMP:IVSZLXZYQVIEFR-UHFFFAOYSA-N,development,4,4,exclude_total_count_le_10,,明确阳性与明确阴性记录总数不超过 10，按规则排除
CMP:IXHBTMCLRNMKHZ-LBPRGKRZSA-N,external,1,4,exclude_total_count_le_10,,明确阳性与明确阴性记录总数不超过 10，按规则排除
CMP:IZUPBVBPLAPZRR-UHFFFAOYSA-N,development,8,17,exclude_count_margin_le_10,,明确阳性与明确阴性记录数差绝对值不超过 10，按规则排除
CMP:IZUPBVBPLAPZRR-UHFFFAOYSA-N,external,5,4,exclude_total_count_le_10,,明确阳性与明确阴性记录总数不超过 10，按规则排除
CMP:JAEZSIYNWDWMMN-UHFFFAOYSA-N,development,2,3,exclude_total_count_le_10,,明确阳性与明确阴性记录总数不超过 10，按规则排除
CMP:JAEZSIYNWDWMMN-UHFFFAOYSA-N,external,1,3,exclude_total_count_le_10,,明确阳性与明确阴性记录总数不超过 10，按规则排除
CMP:JBIJLHTVPXGSAM-UHFFFAOYSA-N,development,10,1,exclude_count_margin_le_10,,明确阳性与明确阴性记录数差绝对值不超过 10，按规则排除
CMP:JCBBZYDVQJQMMB-UHFFFAOYSA-N,external,7,2,exclude_total_count_le_10,,明确阳性与明确阴性记录总数不超过 10，按规则排除
CMP:JCYPECIVGRXBMO-FOCLMDBBSA-N,external,5,2,exclude_total_count_le_10,,明确阳性与明确阴性记录总数不超过 10，按规则排除
CMP:JDSHMPZPIAZGSV-UHFFFAOYSA-N,development,1,3,exclude_total_count_le_10,,明确阳性与明确阴性记录总数不超过 10，按规则排除
CMP:JDSHMPZPIAZGSV-UHFFFAOYSA-N,external,4,4,exclude_total_count_le_10,,明确阳性与明确阴性记录总数不超过 10，按规则排除
CMP:JIGUQPWFLRLWPJ-UHFFFAOYSA-N,development,10,53,assign_negative,0,明确阴性记录数更多且差值大于 10，按规则标记为阴性
CMP:JIGUQPWFLRLWPJ-UHFFFAOYSA-N,external,4,14,exclude_count_margin_le_10,,明确阳性与明确阴性记录数差绝对值不超过 10，按规则排除
CMP:JJYPMNFTHPTTDI-UHFFFAOYSA-N,development,1,9,exclude_total_count_le_10,,明确阳性与明确阴性记录总数不超过 10，按规则排除
CMP:JLTDJTHDQAWBAV-UHFFFAOYSA-N,external,1,2,exclude_total_count_le_10,,明确阳性与明确阴性记录总数不超过 10，按规则排除
CMP:JLYXXMFPNIAWKQ-UHFFFAOYSA-N,development,19,31,assign_negative,0,明确阴性记录数更多且差值大于 10，按规则标记为阴性
CMP:JLYXXMFPNIAWKQ-UHFFFAOYSA-N,external,4,5,exclude_total_count_le_10,,明确阳性与明确阴性记录总数不超过 10，按规则排除
CMP:JMEVHYCNAPFOAB-UHFFFAOYSA-N,external,1,7,exclude_total_count_le_10,,明确阳性与明确阴性记录总数不超过 10，按规则排除
CMP:JNRLEMMIVRBKJE-UHFFFAOYSA-N,development,5,1,exclude_total_count_le_10,,明确阳性与明确阴性记录总数不超过 10，按规则排除
CMP:JOYRKODLDBILNP-UHFFFAOYSA-N,development,34,2,assign_positive,1,明确阳性记录数更多且差值大于 10，按规则标记为阳性
CMP:JOYRKODLDBILNP-UHFFFAOYSA-N,external,37,2,assign_positive,1,明确阳性记录数更多且差值大于 10，按规则标记为阳性
CMP:JQXXHWHPUNPDRT-ISGDJQTPSA-N,development,1,13,assign_negative,0,明确阴性记录数更多且差值大于 10，按规则标记为阴性
CMP:JRIFTVNYAPUKTK-UHFFFAOYSA-N,development,1,1,exclude_total_count_le_10,,明确阳性与明确阴性记录总数不超过 10，按规则排除
CMP:JSFUMBWFPQSADC-UHFFFAOYSA-N,development,16,1,assign_positive,1,明确阳性记录数更多且差值大于 10，按规则标记为阳性
CMP:JSFUMBWFPQSADC-UHFFFAOYSA-N,external,2,1,exclude_total_count_le_10,,明确阳性与明确阴性记录总数不超过 10，按规则排除
CMP:JXTHNDFMNIQAHM-UHFFFAOYSA-N,external,12,4,exclude_count_margin_le_10,,明确阳性与明确阴性记录数差绝对值不超过 10，按规则排除
CMP:JZGWEIPJUAIDHM-UHFFFAOYSA-N,development,1,7,exclude_total_count_le_10,,明确阳性与明确阴性记录总数不超过 10，按规则排除
CMP:KAKZBPTYRLMSJV-UHFFFAOYSA-N,external,13,2,assign_positive,1,明确阳性记录数更多且差值大于 10，按规则标记为阳性
CMP:KCXMKQUNVWSEMD-UHFFFAOYSA-N,external,4,1,exclude_total_count_le_10,,明确阳性与明确阴性记录总数不超过 10，按规则排除
CMP:KFUSANSHCADHNJ-UHFFFAOYSA-N,development,2,5,exclude_total_count_le_10,,明确阳性与明确阴性记录总数不超过 10，按规则排除
CMP:KJFMBFZCATUALV-UHFFFAOYSA-N,development,11,4,exclude_count_margin_le_10,,明确阳性与明确阴性记录数差绝对值不超过 10，按规则排除
CMP:KLSJWNVTNUYHDU-UHFFFAOYSA-N,development,8,12,exclude_count_margin_le_10,,明确阳性与明确阴性记录数差绝对值不超过 10，按规则排除
CMP:KLSJWNVTNUYHDU-UHFFFAOYSA-N,external,5,4,exclude_total_count_le_10,,明确阳性与明确阴性记录总数不超过 10，按规则排除
CMP:KNAHARQHSZJURB-UHFFFAOYSA-N,development,6,1,exclude_total_count_le_10,,明确阳性与明确阴性记录总数不超过 10，按规则排除
CMP:KNHUKKLJHYUCFP-UHFFFAOYSA-N,development,2,7,exclude_total_count_le_10,,明确阳性与明确阴性记录总数不超过 10，按规则排除
CMP:KNHUKKLJHYUCFP-UHFFFAOYSA-N,external,2,1,exclude_total_count_le_10,,明确阳性与明确阴性记录总数不超过 10，按规则排除
CMP:KNKRKFALVUDBJE-UHFFFAOYSA-N,external,2,1,exclude_total_count_le_10,,明确阳性与明确阴性记录总数不超过 10，按规则排除
CMP:KPSRODZRAIWAKH-UHFFFAOYSA-N,development,17,1,assign_positive,1,明确阳性记录数更多且差值大于 10，按规则标记为阳性
CMP:KPTYXJLOWLVCMU-XDNAFOTISA-N,external,2,2,exclude_total_count_le_10,,明确阳性与明确阴性记录总数不超过 10，按规则排除
CMP:KQSABULTKYLFEV-UHFFFAOYSA-N,development,11,1,exclude_count_margin_le_10,,明确阳性与明确阴性记录数差绝对值不超过 10，按规则排除
CMP:KQSABULTKYLFEV-UHFFFAOYSA-N,external,3,1,exclude_total_count_le_10,,明确阳性与明确阴性记录总数不超过 10，按规则排除
CMP:KSFCDINBDBFFSI-UHFFFAOYSA-N,external,13,7,exclude_count_margin_le_10,,明确阳性与明确阴性记录数差绝对值不超过 10，按规则排除
CMP:KTTAHABZUYACCH-UHFFFAOYSA-N,external,3,1,exclude_total_count_le_10,,明确阳性与明确阴性记录总数不超过 10，按规则排除
CMP:KWVPRPSXBZNOHS-UHFFFAOYSA-N,development,12,2,exclude_count_margin_le_10,,明确阳性与明确阴性记录数差绝对值不超过 10，按规则排除
CMP:KYGZCKSPAKDVKC-UHFFFAOYSA-N,external,1,3,exclude_total_count_le_10,,明确阳性与明确阴性记录总数不超过 10，按规则排除
CMP:KZRHBQXJMQDNEZ-UHFFFAOYSA-N,external,1,1,exclude_total_count_le_10,,明确阳性与明确阴性记录总数不超过 10，按规则排除
CMP:LFQSCWFLJHTTHZ-UHFFFAOYSA-N,development,4,16,assign_negative,0,明确阴性记录数更多且差值大于 10，按规则标记为阴性
CMP:LGLFFNDHMLKUMI-UHFFFAOYSA-N,development,12,4,exclude_count_margin_le_10,,明确阳性与明确阴性记录数差绝对值不超过 10，按规则排除
CMP:LGXVIGDEPROXKC-UHFFFAOYSA-N,development,5,23,assign_negative,0,明确阴性记录数更多且差值大于 10，按规则标记为阴性
CMP:LGXVIGDEPROXKC-UHFFFAOYSA-N,external,3,11,exclude_count_margin_le_10,,明确阳性与明确阴性记录数差绝对值不超过 10，按规则排除
CMP:LHHGDZSESBACKH-UHFFFAOYSA-N,development,3,1,exclude_total_count_le_10,,明确阳性与明确阴性记录总数不超过 10，按规则排除
CMP:LIAWQASKBFCRNR-UHFFFAOYSA-N,external,1,1,exclude_total_count_le_10,,明确阳性与明确阴性记录总数不超过 10，按规则排除
CMP:LINPIYWFGCPVIE-UHFFFAOYSA-N,development,4,1,exclude_total_count_le_10,,明确阳性与明确阴性记录总数不超过 10，按规则排除
CMP:LINPIYWFGCPVIE-UHFFFAOYSA-N,external,3,1,exclude_total_count_le_10,,明确阳性与明确阴性记录总数不超过 10，按规则排除
CMP:LKPLKUMXSAEKID-UHFFFAOYSA-N,development,1,6,exclude_total_count_le_10,,明确阳性与明确阴性记录总数不超过 10，按规则排除
CMP:LKPLKUMXSAEKID-UHFFFAOYSA-N,external,2,5,exclude_total_count_le_10,,明确阳性与明确阴性记录总数不超过 10，按规则排除
CMP:LLEMOWNGBBNAJR-UHFFFAOYSA-N,development,18,26,exclude_count_margin_le_10,,明确阳性与明确阴性记录数差绝对值不超过 10，按规则排除
CMP:LLEMOWNGBBNAJR-UHFFFAOYSA-N,external,3,10,exclude_count_margin_le_10,,明确阳性与明确阴性记录数差绝对值不超过 10，按规则排除
CMP:LLROQAGEAVDYFP-MDZDMXLPSA-N,external,4,2,exclude_total_count_le_10,,明确阳性与明确阴性记录总数不超过 10，按规则排除
CMP:LMEKQMALGUDUQG-UHFFFAOYSA-N,development,2,1,exclude_total_count_le_10,,明确阳性与明确阴性记录总数不超过 10，按规则排除
CMP:LMEKQMALGUDUQG-UHFFFAOYSA-N,external,4,1,exclude_total_count_le_10,,明确阳性与明确阴性记录总数不超过 10，按规则排除
CMP:LMQWCOZFQUNBGM-ZSYWTGECSA-N,external,1,1,exclude_total_count_le_10,,明确阳性与明确阴性记录总数不超过 10，按规则排除
CMP:LRBQNJMCXXYXIU-QWKBTXIPSA-N,external,2,2,exclude_total_count_le_10,,明确阳性与明确阴性记录总数不超过 10，按规则排除
CMP:LRSFXIJGHRPOQQ-VZRQQIPSSA-N,development,13,3,exclude_count_margin_le_10,,明确阳性与明确阴性记录数差绝对值不超过 10，按规则排除
CMP:LRSFXIJGHRPOQQ-VZRQQIPSSA-N,external,2,2,exclude_total_count_le_10,,明确阳性与明确阴性记录总数不超过 10，按规则排除
CMP:LSLCMDFPNJQMJN-UHFFFAOYSA-N,external,2,1,exclude_total_count_le_10,,明确阳性与明确阴性记录总数不超过 10，按规则排除
CMP:LSWOCDLIYSKTRX-UHFFFAOYSA-N,development,21,1,assign_positive,1,明确阳性记录数更多且差值大于 10，按规则标记为阳性
CMP:LSWYGACWGAICNM-UHFFFAOYSA-N,external,1,1,exclude_total_count_le_10,,明确阳性与明确阴性记录总数不超过 10，按规则排除
CMP:LTINPJMVDKPJJI-UHFFFAOYSA-N,external,2,2,exclude_total_count_le_10,,明确阳性与明确阴性记录总数不超过 10，按规则排除
CMP:LUSZGTFNYDARNI-UHFFFAOYSA-N,external,10,3,exclude_count_margin_le_10,,明确阳性与明确阴性记录数差绝对值不超过 10，按规则排除
CMP:LVGUZGTVOIAKKC-UHFFFAOYSA-N,development,1,10,exclude_count_margin_le_10,,明确阳性与明确阴性记录数差绝对值不超过 10，按规则排除
CMP:LVGUZGTVOIAKKC-UHFFFAOYSA-N,external,1,5,exclude_total_count_le_10,,明确阳性与明确阴性记录总数不超过 10，按规则排除
CMP:LVLANIHJQRZTPY-UHFFFAOYSA-N,external,3,1,exclude_total_count_le_10,,明确阳性与明确阴性记录总数不超过 10，按规则排除
CMP:LVWZTYCIRDMTEY-UHFFFAOYSA-N,development,2,6,exclude_total_count_le_10,,明确阳性与明确阴性记录总数不超过 10，按规则排除
CMP:LXBGSDVWAMZHDD-UHFFFAOYSA-N,external,3,1,exclude_total_count_le_10,,明确阳性与明确阴性记录总数不超过 10，按规则排除
CMP:LYAHJFZLDZDIOH-UHFFFAOYSA-N,development,16,2,assign_positive,1,明确阳性记录数更多且差值大于 10，按规则标记为阳性
CMP:LYGJENNIWJXYER-UHFFFAOYSA-N,development,10,3,exclude_count_margin_le_10,,明确阳性与明确阴性记录数差绝对值不超过 10，按规则排除
CMP:LYGJENNIWJXYER-UHFFFAOYSA-N,external,3,6,exclude_total_count_le_10,,明确阳性与明确阴性记录总数不超过 10，按规则排除
CMP:MAXCWSIJKVASQC-UHFFFAOYSA-N,development,9,2,exclude_count_margin_le_10,,明确阳性与明确阴性记录数差绝对值不超过 10，按规则排除
CMP:MAZCGYFIOOIVHE-UHFFFAOYSA-N,external,2,2,exclude_total_count_le_10,,明确阳性与明确阴性记录总数不超过 10，按规则排除
CMP:MBABOKRGFJTBAE-UHFFFAOYSA-N,development,2,1,exclude_total_count_le_10,,明确阳性与明确阴性记录总数不超过 10，按规则排除
CMP:MEBQXILRKZHVCX-UHFFFAOYSA-N,development,3,3,exclude_total_count_le_10,,明确阳性与明确阴性记录总数不超过 10，按规则排除
CMP:MGFYIUFZLHCRTH-UHFFFAOYSA-N,development,5,2,exclude_total_count_le_10,,明确阳性与明确阴性记录总数不超过 10，按规则排除
CMP:MGFYIUFZLHCRTH-UHFFFAOYSA-N,external,4,2,exclude_total_count_le_10,,明确阳性与明确阴性记录总数不超过 10，按规则排除
CMP:MHGOKSLTIUHUBF-UHFFFAOYSA-N,external,1,3,exclude_total_count_le_10,,明确阳性与明确阴性记录总数不超过 10，按规则排除
CMP:MHWLWQUZZRMNGJ-UHFFFAOYSA-N,development,2,11,exclude_count_margin_le_10,,明确阳性与明确阴性记录数差绝对值不超过 10，按规则排除
CMP:MHWLWQUZZRMNGJ-UHFFFAOYSA-N,external,2,1,exclude_total_count_le_10,,明确阳性与明确阴性记录总数不超过 10，按规则排除
CMP:MIHADVKEHAFNPG-UHFFFAOYSA-N,development,3,3,exclude_total_count_le_10,,明确阳性与明确阴性记录总数不超过 10，按规则排除
CMP:MQJKPEGWNLWLTK-UHFFFAOYSA-N,development,8,3,exclude_count_margin_le_10,,明确阳性与明确阴性记录数差绝对值不超过 10，按规则排除
CMP:MQJKPEGWNLWLTK-UHFFFAOYSA-N,external,4,4,exclude_total_count_le_10,,明确阳性与明确阴性记录总数不超过 10，按规则排除
CMP:MRBKEAMVRSLQPH-UHFFFAOYSA-N,development,22,11,assign_positive,1,明确阳性记录数更多且差值大于 10，按规则标记为阳性
CMP:MRMOZBOQVYRSEM-UHFFFAOYSA-N,external,1,1,exclude_total_count_le_10,,明确阳性与明确阴性记录总数不超过 10，按规则排除
CMP:MRQIXHXHHPWVIL-UHFFFAOYSA-N,development,4,4,exclude_total_count_le_10,,明确阳性与明确阴性记录总数不超过 10，按规则排除
CMP:MRQIXHXHHPWVIL-UHFFFAOYSA-N,external,3,1,exclude_total_count_le_10,,明确阳性与明确阴性记录总数不超过 10，按规则排除
CMP:MTHSVFCYNBDYFN-UHFFFAOYSA-N,development,1,4,exclude_total_count_le_10,,明确阳性与明确阴性记录总数不超过 10，按规则排除
CMP:MUDSDYNRBDKLGK-UHFFFAOYSA-N,external,1,3,exclude_total_count_le_10,,明确阳性与明确阴性记录总数不超过 10，按规则排除
CMP:MXWJVTOOROXGIU-UHFFFAOYSA-N,development,10,32,assign_negative,0,明确阴性记录数更多且差值大于 10，按规则标记为阴性
CMP:MXWJVTOOROXGIU-UHFFFAOYSA-N,external,2,2,exclude_total_count_le_10,,明确阳性与明确阴性记录总数不超过 10，按规则排除
CMP:MZZBPDKVEFVLFF-UHFFFAOYSA-N,development,2,2,exclude_total_count_le_10,,明确阳性与明确阴性记录总数不超过 10，按规则排除
CMP:MZZGOOYMKKIOOX-VKHMYHEASA-N,development,1,1,exclude_total_count_le_10,,明确阳性与明确阴性记录总数不超过 10，按规则排除
CMP:NATVSFWWYVJTAZ-UHFFFAOYSA-N,development,3,6,exclude_total_count_le_10,,明确阳性与明确阴性记录总数不超过 10，按规则排除
CMP:NCEXYHBECQHGNR-UHFFFAOYSA-N,development,3,1,exclude_total_count_le_10,,明确阳性与明确阴性记录总数不超过 10，按规则排除
CMP:NCEXYHBECQHGNR-UHFFFAOYSA-N,external,7,4,exclude_count_margin_le_10,,明确阳性与明确阴性记录数差绝对值不超过 10，按规则排除
CMP:NCKMMSIFQUPKCK-UHFFFAOYSA-N,external,1,4,exclude_total_count_le_10,,明确阳性与明确阴性记录总数不超过 10，按规则排除
CMP:NCMZQTLCXHGLOK-ZKHIMWLXSA-N,development,8,1,exclude_total_count_le_10,,明确阳性与明确阴性记录总数不超过 10，按规则排除
CMP:NIPDVSLAMPAWTP-UHFFFAOYSA-N,development,12,1,assign_positive,1,明确阳性记录数更多且差值大于 10，按规则标记为阳性
CMP:NIPDVSLAMPAWTP-UHFFFAOYSA-N,external,3,2,exclude_total_count_le_10,,明确阳性与明确阴性记录总数不超过 10，按规则排除
CMP:NIRHEGBBHNJANV-UHFFFAOYSA-N,external,2,1,exclude_total_count_le_10,,明确阳性与明确阴性记录总数不超过 10，按规则排除
CMP:NKANXQFJJICGDU-QPLCGJKRSA-N,external,6,1,exclude_total_count_le_10,,明确阳性与明确阴性记录总数不超过 10，按规则排除
CMP:NLHHRLWOUZZQLW-UHFFFAOYSA-N,development,36,6,assign_positive,1,明确阳性记录数更多且差值大于 10，按规则标记为阳性
CMP:NLHHRLWOUZZQLW-UHFFFAOYSA-N,external,18,6,assign_positive,1,明确阳性记录数更多且差值大于 10，按规则标记为阳性
CMP:NLZUEZXRPGMBCV-UHFFFAOYSA-N,development,2,29,assign_negative,0,明确阴性记录数更多且差值大于 10，按规则标记为阴性
CMP:NMUSYJAQQFHJEW-KVTDHHQDSA-N,external,4,1,exclude_total_count_le_10,,明确阳性与明确阴性记录总数不超过 10，按规则排除
CMP:NNBZCPXTIHJBJL-UHFFFAOYSA-N,external,2,3,exclude_total_count_le_10,,明确阳性与明确阴性记录总数不超过 10，按规则排除
CMP:NOQGZXFMHARMLW-UHFFFAOYSA-N,development,7,3,exclude_total_count_le_10,,明确阳性与明确阴性记录总数不超过 10，按规则排除
CMP:NOQGZXFMHARMLW-UHFFFAOYSA-N,external,1,3,exclude_total_count_le_10,,明确阳性与明确阴性记录总数不超过 10，按规则排除
CMP:NUFNQYOELLVIPL-UHFFFAOYSA-N,external,4,1,exclude_total_count_le_10,,明确阳性与明确阴性记录总数不超过 10，按规则排除
CMP:NUIURNJTPRWVAP-UHFFFAOYSA-N,external,4,1,exclude_total_count_le_10,,明确阳性与明确阴性记录总数不超过 10，按规则排除
CMP:NWVVVBRKAWDGAB-UHFFFAOYSA-N,development,4,2,exclude_total_count_le_10,,明确阳性与明确阴性记录总数不超过 10，按规则排除
CMP:NWVVVBRKAWDGAB-UHFFFAOYSA-N,external,2,1,exclude_total_count_le_10,,明确阳性与明确阴性记录总数不超过 10，按规则排除
CMP:OALHHIHQOFIMEF-UHFFFAOYSA-N,external,1,7,exclude_total_count_le_10,,明确阳性与明确阴性记录总数不超过 10，按规则排除
CMP:OAPPEBNXKAKQGS-UHFFFAOYSA-N,external,2,1,exclude_total_count_le_10,,明确阳性与明确阴性记录总数不超过 10，按规则排除
CMP:OBZMXIHZRUNYOT-LBPRGKRZSA-N,development,6,2,exclude_total_count_le_10,,明确阳性与明确阴性记录总数不超过 10，按规则排除
CMP:OBZMXIHZRUNYOT-LBPRGKRZSA-N,external,2,2,exclude_total_count_le_10,,明确阳性与明确阴性记录总数不超过 10，按规则排除
CMP:OCJBOOLMMGQPQU-UHFFFAOYSA-N,development,15,15,exclude_count_margin_le_10,,明确阳性与明确阴性记录数差绝对值不超过 10，按规则排除
CMP:OCJBOOLMMGQPQU-UHFFFAOYSA-N,external,5,2,exclude_total_count_le_10,,明确阳性与明确阴性记录总数不超过 10，按规则排除
CMP:OEBRKCOSUFCWJD-UHFFFAOYSA-N,development,1,11,exclude_count_margin_le_10,,明确阳性与明确阴性记录数差绝对值不超过 10，按规则排除
CMP:OEBRKCOSUFCWJD-UHFFFAOYSA-N,external,7,8,exclude_count_margin_le_10,,明确阳性与明确阴性记录数差绝对值不超过 10，按规则排除
CMP:OGBQILNBLMPPDP-UHFFFAOYSA-N,external,4,1,exclude_total_count_le_10,,明确阳性与明确阴性记录总数不超过 10，按规则排除
CMP:OGGXGZAMXPVRFZ-UHFFFAOYSA-N,development,3,12,exclude_count_margin_le_10,,明确阳性与明确阴性记录数差绝对值不超过 10，按规则排除
CMP:OGGXGZAMXPVRFZ-UHFFFAOYSA-N,external,3,1,exclude_total_count_le_10,,明确阳性与明确阴性记录总数不超过 10，按规则排除
CMP:OHXAOPZTJOUYKM-UHFFFAOYSA-N,external,9,1,exclude_total_count_le_10,,明确阳性与明确阴性记录总数不超过 10，按规则排除
CMP:OIGNJSKKLXVSLS-VWUMJDOOSA-N,development,1,2,exclude_total_count_le_10,,明确阳性与明确阴性记录总数不超过 10，按规则排除
CMP:OIGNJSKKLXVSLS-VWUMJDOOSA-N,external,1,1,exclude_total_count_le_10,,明确阳性与明确阴性记录总数不超过 10，按规则排除
CMP:OIJHFHYPXWSVPF-UHFFFAOYSA-N,development,3,2,exclude_total_count_le_10,,明确阳性与明确阴性记录总数不超过 10，按规则排除
CMP:OIJHFHYPXWSVPF-UHFFFAOYSA-N,external,2,2,exclude_total_count_le_10,,明确阳性与明确阴性记录总数不超过 10，按规则排除
CMP:OMOSYYVYEGXVHK-UHFFFAOYSA-N,development,1,3,exclude_total_count_le_10,,明确阳性与明确阴性记录总数不超过 10，按规则排除
CMP:OMOSYYVYEGXVHK-UHFFFAOYSA-N,external,1,3,exclude_total_count_le_10,,明确阳性与明确阴性记录总数不超过 10，按规则排除
CMP:OQHHSGRZCKGLCY-UHFFFAOYSA-N,development,4,2,exclude_total_count_le_10,,明确阳性与明确阴性记录总数不超过 10，按规则排除
CMP:OQIQSTLJSLGHID-WNWIJWBNSA-N,development,31,10,assign_positive,1,明确阳性记录数更多且差值大于 10，按规则标记为阳性
CMP:OQIQSTLJSLGHID-WNWIJWBNSA-N,external,23,5,assign_positive,1,明确阳性记录数更多且差值大于 10，按规则标记为阳性
CMP:OTLNPYWUJOZPPA-UHFFFAOYSA-N,external,1,3,exclude_total_count_le_10,,明确阳性与明确阴性记录总数不超过 10，按规则排除
CMP:OWZREIFADZCYQD-NSHGMRRFSA-N,external,2,7,exclude_total_count_le_10,,明确阳性与明确阴性记录总数不超过 10，按规则排除
CMP:OZGXSMOLBWHIQA-UHFFFAOYSA-N,development,10,3,exclude_count_margin_le_10,,明确阳性与明确阴性记录数差绝对值不超过 10，按规则排除
CMP:PAAZPARNPHGIKF-UHFFFAOYSA-N,development,65,3,assign_positive,1,明确阳性记录数更多且差值大于 10，按规则标记为阳性
CMP:PCBLZWZCGNKODY-UHFFFAOYSA-N,external,2,1,exclude_total_count_le_10,,明确阳性与明确阴性记录总数不超过 10，按规则排除
CMP:PCZOHLXUXFIOCF-BXMDZJJMSA-N,development,4,3,exclude_total_count_le_10,,明确阳性与明确阴性记录总数不超过 10，按规则排除
CMP:PFCRQPBOOFTZGQ-VZXVHDRGSA-N,external,1,1,exclude_total_count_le_10,,明确阳性与明确阴性记录总数不超过 10，按规则排除
CMP:PHEDXBVPIONUQT-RGYGYFBISA-N,external,2,1,exclude_total_count_le_10,,明确阳性与明确阴性记录总数不超过 10，按规则排除
CMP:PHMNXPYGVPEQSJ-UHFFFAOYSA-N,development,6,3,exclude_total_count_le_10,,明确阳性与明确阴性记录总数不超过 10，按规则排除
CMP:PHMNXPYGVPEQSJ-UHFFFAOYSA-N,external,1,3,exclude_total_count_le_10,,明确阳性与明确阴性记录总数不超过 10，按规则排除
CMP:PIHGQKMEAMSUNA-UHFFFAOYSA-N,external,3,3,exclude_total_count_le_10,,明确阳性与明确阴性记录总数不超过 10，按规则排除
CMP:PKYKNPLSFOKASK-UHFFFAOYSA-N,external,2,1,exclude_total_count_le_10,,明确阳性与明确阴性记录总数不超过 10，按规则排除
CMP:PMHURSZHKKJGBM-UHFFFAOYSA-N,external,3,1,exclude_total_count_le_10,,明确阳性与明确阴性记录总数不超过 10，按规则排除
CMP:PMUAUPIVIPYXJB-IXKNJLPQSA-N,external,1,1,exclude_total_count_le_10,,明确阳性与明确阴性记录总数不超过 10，按规则排除
CMP:POAOYUHQDCAZBD-UHFFFAOYSA-N,external,2,1,exclude_total_count_le_10,,明确阳性与明确阴性记录总数不超过 10，按规则排除
CMP:POVXOWVFLAAVBH-UHFFFAOYSA-N,development,2,2,exclude_total_count_le_10,,明确阳性与明确阴性记录总数不超过 10，按规则排除
CMP:PPBRXRYQALVLMV-UHFFFAOYSA-N,development,5,7,exclude_count_margin_le_10,,明确阳性与明确阴性记录数差绝对值不超过 10，按规则排除
CMP:PPBRXRYQALVLMV-UHFFFAOYSA-N,external,6,24,assign_negative,0,明确阴性记录数更多且差值大于 10，按规则标记为阴性
CMP:PPQNQXQZIWHJRB-UHFFFAOYSA-N,development,11,3,exclude_count_margin_le_10,,明确阳性与明确阴性记录数差绝对值不超过 10，按规则排除
CMP:PPQNQXQZIWHJRB-UHFFFAOYSA-N,external,10,1,exclude_count_margin_le_10,,明确阳性与明确阴性记录数差绝对值不超过 10，按规则排除
CMP:PQJDXVDLMFCBQD-UHFFFAOYSA-N,external,1,1,exclude_total_count_le_10,,明确阳性与明确阴性记录总数不超过 10，按规则排除
CMP:PTFJIKYUEPWBMS-UHFFFAOYSA-N,external,1,3,exclude_total_count_le_10,,明确阳性与明确阴性记录总数不超过 10，按规则排除
CMP:PXAJQJMDEXJWFB-UHFFFAOYSA-N,development,1,4,exclude_total_count_le_10,,明确阳性与明确阴性记录总数不超过 10，按规则排除
CMP:PXOZAFXVEWKXED-UHFFFAOYSA-N,development,4,2,exclude_total_count_le_10,,明确阳性与明确阴性记录总数不超过 10，按规则排除
CMP:PXOZAFXVEWKXED-UHFFFAOYSA-N,external,2,2,exclude_total_count_le_10,,明确阳性与明确阴性记录总数不超过 10，按规则排除
CMP:PZBPKYOVPCNPJY-UHFFFAOYSA-N,external,2,2,exclude_total_count_le_10,,明确阳性与明确阴性记录总数不超过 10，按规则排除
CMP:QAIPRVGONGVQAS-UHFFFAOYSA-N,external,12,2,exclude_count_margin_le_10,,明确阳性与明确阴性记录数差绝对值不超过 10，按规则排除
CMP:QBYJBZPUGVGKQQ-SJJAEHHWSA-N,development,4,17,assign_negative,0,明确阴性记录数更多且差值大于 10，按规则标记为阴性
CMP:QBYJBZPUGVGKQQ-SJJAEHHWSA-N,external,1,1,exclude_total_count_le_10,,明确阳性与明确阴性记录总数不超过 10，按规则排除
CMP:QCFYJCYNJLBDRT-UHFFFAOYSA-N,development,6,2,exclude_total_count_le_10,,明确阳性与明确阴性记录总数不超过 10，按规则排除
CMP:QCFYJCYNJLBDRT-UHFFFAOYSA-N,external,2,2,exclude_total_count_le_10,,明确阳性与明确阴性记录总数不超过 10，按规则排除
CMP:QEVHRUUCFGRFIF-MDEJGZGSSA-N,development,3,4,exclude_total_count_le_10,,明确阳性与明确阴性记录总数不超过 10，按规则排除
CMP:QEVHRUUCFGRFIF-MDEJGZGSSA-N,external,3,1,exclude_total_count_le_10,,明确阳性与明确阴性记录总数不超过 10，按规则排除
CMP:QGNJRVVDBSJHIZ-QHLGVNSISA-N,development,3,1,exclude_total_count_le_10,,明确阳性与明确阴性记录总数不超过 10，按规则排除
CMP:QGVLYPPODPLXMB-UBTYZVCOSA-N,development,1,7,exclude_total_count_le_10,,明确阳性与明确阴性记录总数不超过 10，按规则排除
CMP:QIGBRXMKCJKVMJ-UHFFFAOYSA-N,development,3,1,exclude_total_count_le_10,,明确阳性与明确阴性记录总数不超过 10，按规则排除
CMP:QKUNKVYPGIOQNP-UHFFFAOYSA-N,development,16,1,assign_positive,1,明确阳性记录数更多且差值大于 10，按规则标记为阳性
CMP:QPFMBZIOSGYJDE-UHFFFAOYSA-N,development,4,2,exclude_total_count_le_10,,明确阳性与明确阴性记录总数不超过 10，按规则排除
CMP:QPFMBZIOSGYJDE-UHFFFAOYSA-N,external,2,1,exclude_total_count_le_10,,明确阳性与明确阴性记录总数不超过 10，按规则排除
CMP:QPQKUYVSJWQSDY-UHFFFAOYSA-N,external,6,2,exclude_total_count_le_10,,明确阳性与明确阴性记录总数不超过 10，按规则排除
CMP:QPUYECUOLPXSFR-UHFFFAOYSA-N,external,1,1,exclude_total_count_le_10,,明确阳性与明确阴性记录总数不超过 10，按规则排除
CMP:QRXWMOHMRWLFEY-UHFFFAOYSA-N,development,21,10,assign_positive,1,明确阳性记录数更多且差值大于 10，按规则标记为阳性
CMP:QRXWMOHMRWLFEY-UHFFFAOYSA-N,external,2,3,exclude_total_count_le_10,,明确阳性与明确阴性记录总数不超过 10，按规则排除
CMP:QSKPIOLLBIHNAC-UHFFFAOYSA-N,development,2,2,exclude_total_count_le_10,,明确阳性与明确阴性记录总数不超过 10，按规则排除
CMP:QSNSCYSYFYORTR-UHFFFAOYSA-N,external,1,2,exclude_total_count_le_10,,明确阳性与明确阴性记录总数不超过 10，按规则排除
CMP:QUKGYYKBILRGFE-UHFFFAOYSA-N,external,3,5,exclude_total_count_le_10,,明确阳性与明确阴性记录总数不超过 10，按规则排除
CMP:QVLAWKAXOMEXPM-UHFFFAOYSA-N,development,4,2,exclude_total_count_le_10,,明确阳性与明确阴性记录总数不超过 10，按规则排除
CMP:QVLAWKAXOMEXPM-UHFFFAOYSA-N,external,2,1,exclude_total_count_le_10,,明确阳性与明确阴性记录总数不超过 10，按规则排除
CMP:QXKHYNVANLEOEG-UHFFFAOYSA-N,development,4,8,exclude_count_margin_le_10,,明确阳性与明确阴性记录数差绝对值不超过 10，按规则排除
CMP:QXKHYNVANLEOEG-UHFFFAOYSA-N,external,1,1,exclude_total_count_le_10,,明确阳性与明确阴性记录总数不超过 10，按规则排除
CMP:QZWKEPYTBWZJJA-UHFFFAOYSA-N,development,5,2,exclude_total_count_le_10,,明确阳性与明确阴性记录总数不超过 10，按规则排除
CMP:QZWKEPYTBWZJJA-UHFFFAOYSA-N,external,2,2,exclude_total_count_le_10,,明确阳性与明确阴性记录总数不超过 10，按规则排除
CMP:RAPBNVDSDCTNRC-UHFFFAOYSA-N,development,4,3,exclude_total_count_le_10,,明确阳性与明确阴性记录总数不超过 10，按规则排除
CMP:RBACIKXCRWGCBB-UHFFFAOYSA-N,development,3,2,exclude_total_count_le_10,,明确阳性与明确阴性记录总数不超过 10，按规则排除
CMP:RBACIKXCRWGCBB-UHFFFAOYSA-N,external,1,2,exclude_total_count_le_10,,明确阳性与明确阴性记录总数不超过 10，按规则排除
CMP:RCFKQVLHWYOSFF-UHFFFAOYSA-N,external,4,1,exclude_total_count_le_10,,明确阳性与明确阴性记录总数不超过 10，按规则排除
CMP:REFJWTPEDVJJIY-UHFFFAOYSA-N,development,4,13,exclude_count_margin_le_10,,明确阳性与明确阴性记录数差绝对值不超过 10，按规则排除
CMP:REFJWTPEDVJJIY-UHFFFAOYSA-N,external,1,5,exclude_total_count_le_10,,明确阳性与明确阴性记录总数不超过 10，按规则排除
CMP:REHONNLQRWTIFF-UHFFFAOYSA-N,external,3,1,exclude_total_count_le_10,,明确阳性与明确阴性记录总数不超过 10，按规则排除
CMP:RFHAOTPXVQNOHP-UHFFFAOYSA-N,development,1,15,assign_negative,0,明确阴性记录数更多且差值大于 10，按规则标记为阴性
CMP:RFHAOTPXVQNOHP-UHFFFAOYSA-N,external,1,1,exclude_total_count_le_10,,明确阳性与明确阴性记录总数不超过 10，按规则排除
CMP:RHUYHJGZWVXEHW-UHFFFAOYSA-N,development,28,17,assign_positive,1,明确阳性记录数更多且差值大于 10，按规则标记为阳性
CMP:RHUYHJGZWVXEHW-UHFFFAOYSA-N,external,1,2,exclude_total_count_le_10,,明确阳性与明确阴性记录总数不超过 10，按规则排除
CMP:RIBGNAJQTOXRDK-UHFFFAOYSA-N,external,1,1,exclude_total_count_le_10,,明确阳性与明确阴性记录总数不超过 10，按规则排除
CMP:RKFAZBXYICVSKP-AATRIKPKSA-N,external,1,1,exclude_total_count_le_10,,明确阳性与明确阴性记录总数不超过 10，按规则排除
CMP:RLQJEEJISHYWON-UHFFFAOYSA-N,external,2,2,exclude_total_count_le_10,,明确阳性与明确阴性记录总数不超过 10，按规则排除
CMP:RMBFBMJGBANMMK-UHFFFAOYSA-N,development,7,4,exclude_count_margin_le_10,,明确阳性与明确阴性记录数差绝对值不超过 10，按规则排除
CMP:RMBFBMJGBANMMK-UHFFFAOYSA-N,external,2,2,exclude_total_count_le_10,,明确阳性与明确阴性记录总数不超过 10，按规则排除
CMP:RNFNDJAIBTYOQL-UHFFFAOYSA-N,development,7,3,exclude_total_count_le_10,,明确阳性与明确阴性记录总数不超过 10，按规则排除
CMP:RNFNDJAIBTYOQL-UHFFFAOYSA-N,external,4,10,exclude_count_margin_le_10,,明确阳性与明确阴性记录数差绝对值不超过 10，按规则排除
CMP:RRWYTKOWRFCKBO-UHFFFAOYSA-N,external,1,2,exclude_total_count_le_10,,明确阳性与明确阴性记录总数不超过 10，按规则排除
CMP:RSFOTOSOKJMMCB-UHFFFAOYSA-N,development,32,6,assign_positive,1,明确阳性记录数更多且差值大于 10，按规则标记为阳性
CMP:RUVINXPYWBROJD-ONEGZZNKSA-N,external,1,3,exclude_total_count_le_10,,明确阳性与明确阴性记录总数不超过 10，按规则排除
CMP:RWJQYSGDSYIGMC-UHFFFAOYSA-N,external,3,1,exclude_total_count_le_10,,明确阳性与明确阴性记录总数不超过 10，按规则排除
CMP:RWNKSTSCBHKHTB-UHFFFAOYSA-N,development,2,2,exclude_total_count_le_10,,明确阳性与明确阴性记录总数不超过 10，按规则排除
CMP:RWQKHEORZBHNRI-BMIGLBTASA-N,development,12,2,exclude_count_margin_le_10,,明确阳性与明确阴性记录数差绝对值不超过 10，按规则排除
CMP:RWQKHEORZBHNRI-INHVJJQHSA-N,external,9,3,exclude_count_margin_le_10,,明确阳性与明确阴性记录数差绝对值不超过 10，按规则排除
CMP:RZILCCPWPBTYDO-UHFFFAOYSA-N,external,2,5,exclude_total_count_le_10,,明确阳性与明确阴性记录总数不超过 10，按规则排除
CMP:RZVAJINKPMORJF-UHFFFAOYSA-N,development,12,18,exclude_count_margin_le_10,,明确阳性与明确阴性记录数差绝对值不超过 10，按规则排除
CMP:RZVAJINKPMORJF-UHFFFAOYSA-N,external,3,6,exclude_total_count_le_10,,明确阳性与明确阴性记录总数不超过 10，按规则排除
CMP:SAOKZLXYCUGLFA-UHFFFAOYSA-N,development,4,2,exclude_total_count_le_10,,明确阳性与明确阴性记录总数不超过 10，按规则排除
CMP:SAOKZLXYCUGLFA-UHFFFAOYSA-N,external,4,4,exclude_total_count_le_10,,明确阳性与明确阴性记录总数不超过 10，按规则排除
CMP:SECXISVLQFMRJM-UHFFFAOYSA-N,development,3,6,exclude_total_count_le_10,,明确阳性与明确阴性记录总数不超过 10，按规则排除
CMP:SECXISVLQFMRJM-UHFFFAOYSA-N,external,2,4,exclude_total_count_le_10,,明确阳性与明确阴性记录总数不超过 10，按规则排除
CMP:SJPQUECDNWANFT-UHFFFAOYSA-N,development,4,1,exclude_total_count_le_10,,明确阳性与明确阴性记录总数不超过 10，按规则排除
CMP:SLTNUKIKMOOUID-UHFFFAOYSA-N,development,2,2,exclude_total_count_le_10,,明确阳性与明确阴性记录总数不超过 10，按规则排除
CMP:SMWDFEZZVXVKRB-UHFFFAOYSA-N,external,7,6,exclude_count_margin_le_10,,明确阳性与明确阴性记录数差绝对值不超过 10，按规则排除
CMP:SOKUIEGXJHVFDV-UHFFFAOYSA-N,development,10,1,exclude_count_margin_le_10,,明确阳性与明确阴性记录数差绝对值不超过 10，按规则排除
CMP:SPANOECCGNXGNR-UITAMQMPSA-N,external,2,1,exclude_total_count_le_10,,明确阳性与明确阴性记录总数不超过 10，按规则排除
CMP:SPJCRMJCFSJKDE-ZWBUGVOYSA-N,development,11,2,exclude_count_margin_le_10,,明确阳性与明确阴性记录数差绝对值不超过 10，按规则排除
CMP:SPJCRMJCFSJKDE-ZWBUGVOYSA-N,external,3,1,exclude_total_count_le_10,,明确阳性与明确阴性记录总数不超过 10，按规则排除
CMP:SQFPKRNUGBRTAR-UHFFFAOYSA-N,external,2,2,exclude_total_count_le_10,,明确阳性与明确阴性记录总数不超过 10，按规则排除
CMP:SRRJCDUOSQWHGS-UHFFFAOYSA-N,development,5,9,exclude_count_margin_le_10,,明确阳性与明确阴性记录数差绝对值不超过 10，按规则排除
CMP:STCOOQWBFONSKY-UHFFFAOYSA-N,development,6,3,exclude_total_count_le_10,,明确阳性与明确阴性记录总数不超过 10，按规则排除
CMP:STCOOQWBFONSKY-UHFFFAOYSA-N,external,3,1,exclude_total_count_le_10,,明确阳性与明确阴性记录总数不超过 10，按规则排除
CMP:SVCNNZDUGWLODJ-RAYFHMIRSA-N,external,4,1,exclude_total_count_le_10,,明确阳性与明确阴性记录总数不超过 10，按规则排除
CMP:SXRSQZLOMIGNAQ-UHFFFAOYSA-N,external,1,9,exclude_total_count_le_10,,明确阳性与明确阴性记录总数不超过 10，按规则排除
CMP:SZRPDCCEHVWOJX-UHFFFAOYSA-N,development,11,1,exclude_count_margin_le_10,,明确阳性与明确阴性记录数差绝对值不超过 10，按规则排除
CMP:SZRPDCCEHVWOJX-UHFFFAOYSA-N,external,12,4,exclude_count_margin_le_10,,明确阳性与明确阴性记录数差绝对值不超过 10，按规则排除
CMP:TXUCQVJZBXYDKH-UHFFFAOYSA-N,development,2,2,exclude_total_count_le_10,,明确阳性与明确阴性记录总数不超过 10，按规则排除
CMP:UBCKGWBNUIFUST-UHFFFAOYSA-N,development,4,2,exclude_total_count_le_10,,明确阳性与明确阴性记录总数不超过 10，按规则排除
CMP:UBCKGWBNUIFUST-UHFFFAOYSA-N,external,1,1,exclude_total_count_le_10,,明确阳性与明确阴性记录总数不超过 10，按规则排除
CMP:UBOXGVDOUJQMTN-UHFFFAOYSA-N,development,4,2,exclude_total_count_le_10,,明确阳性与明确阴性记录总数不超过 10，按规则排除
CMP:UBOXGVDOUJQMTN-UHFFFAOYSA-N,external,2,2,exclude_total_count_le_10,,明确阳性与明确阴性记录总数不超过 10，按规则排除
CMP:UBUCNCOMADRQHX-UHFFFAOYSA-N,development,2,3,exclude_total_count_le_10,,明确阳性与明确阴性记录总数不超过 10，按规则排除
CMP:UBUCNCOMADRQHX-UHFFFAOYSA-N,external,2,2,exclude_total_count_le_10,,明确阳性与明确阴性记录总数不超过 10，按规则排除
CMP:UCNVFOCBFJOQAL-UHFFFAOYSA-N,development,6,4,exclude_total_count_le_10,,明确阳性与明确阴性记录总数不超过 10，按规则排除
CMP:UCNVFOCBFJOQAL-UHFFFAOYSA-N,external,3,2,exclude_total_count_le_10,,明确阳性与明确阴性记录总数不超过 10，按规则排除
CMP:UFEODZBUAFNAEU-NLRVBDNBSA-N,external,1,3,exclude_total_count_le_10,,明确阳性与明确阴性记录总数不超过 10，按规则排除
CMP:UFFJUAYKLIGSJF-UHFFFAOYSA-N,development,4,1,exclude_total_count_le_10,,明确阳性与明确阴性记录总数不超过 10，按规则排除
CMP:UFWIBTONFRDIAS-UHFFFAOYSA-N,development,4,1,exclude_total_count_le_10,,明确阳性与明确阴性记录总数不超过 10，按规则排除
CMP:UFWIBTONFRDIAS-UHFFFAOYSA-N,external,3,3,exclude_total_count_le_10,,明确阳性与明确阴性记录总数不超过 10，按规则排除
CMP:UGJMXCAKCUNAIE-UHFFFAOYSA-N,development,2,4,exclude_total_count_le_10,,明确阳性与明确阴性记录总数不超过 10，按规则排除
CMP:UGJMXCAKCUNAIE-UHFFFAOYSA-N,external,1,1,exclude_total_count_le_10,,明确阳性与明确阴性记录总数不超过 10，按规则排除
CMP:UGOFYAXVVVXMQT-UHFFFAOYSA-N,development,2,4,exclude_total_count_le_10,,明确阳性与明确阴性记录总数不超过 10，按规则排除
CMP:UHOVQNZJYSORNB-UHFFFAOYSA-N,development,61,3,assign_positive,1,明确阳性记录数更多且差值大于 10，按规则标记为阳性
CMP:UHOVQNZJYSORNB-UHFFFAOYSA-N,external,33,12,assign_positive,1,明确阳性记录数更多且差值大于 10，按规则标记为阳性
CMP:UICBCXONCUFSOI-UHFFFAOYSA-N,development,4,3,exclude_total_count_le_10,,明确阳性与明确阴性记录总数不超过 10，按规则排除
CMP:UJOBWOGCFQCDNV-UHFFFAOYSA-N,external,2,2,exclude_total_count_le_10,,明确阳性与明确阴性记录总数不超过 10，按规则排除
CMP:ULKFLOVGORAZDI-UHFFFAOYSA-N,development,3,2,exclude_total_count_le_10,,明确阳性与明确阴性记录总数不超过 10，按规则排除
CMP:ULKFLOVGORAZDI-UHFFFAOYSA-N,external,2,2,exclude_total_count_le_10,,明确阳性与明确阴性记录总数不超过 10，按规则排除
CMP:UMFJAHHVKNCGLG-UHFFFAOYSA-N,development,34,1,assign_positive,1,明确阳性记录数更多且差值大于 10，按规则标记为阳性
CMP:UMFJAHHVKNCGLG-UHFFFAOYSA-N,external,28,2,assign_positive,1,明确阳性记录数更多且差值大于 10，按规则标记为阳性
CMP:UMGDCJDMYOKAJW-UHFFFAOYSA-N,development,4,10,exclude_count_margin_le_10,,明确阳性与明确阴性记录数差绝对值不超过 10，按规则排除
CMP:UOAMTSKGCBMZTC-UHFFFAOYSA-N,development,2,3,exclude_total_count_le_10,,明确阳性与明确阴性记录总数不超过 10，按规则排除
CMP:UOAMTSKGCBMZTC-UHFFFAOYSA-N,external,1,3,exclude_total_count_le_10,,明确阳性与明确阴性记录总数不超过 10，按规则排除
CMP:UOIPFPSGIAWJAQ-UHFFFAOYSA-N,development,1,3,exclude_total_count_le_10,,明确阳性与明确阴性记录总数不超过 10，按规则排除
CMP:UOIPFPSGIAWJAQ-UHFFFAOYSA-N,external,1,3,exclude_total_count_le_10,,明确阳性与明确阴性记录总数不超过 10，按规则排除
CMP:UOORRWUZONOOLO-OWOJBTEDSA-N,external,6,5,exclude_count_margin_le_10,,明确阳性与明确阴性记录数差绝对值不超过 10，按规则排除
CMP:UOORRWUZONOOLO-UHFFFAOYSA-N,development,9,25,assign_negative,0,明确阴性记录数更多且差值大于 10，按规则标记为阴性
CMP:UPVLRUMEBXYJMQ-UHFFFAOYSA-N,development,4,4,exclude_total_count_le_10,,明确阳性与明确阴性记录总数不超过 10，按规则排除
CMP:UPZFHUODAYGHDZ-RMKNXTFCSA-N,external,2,2,exclude_total_count_le_10,,明确阳性与明确阴性记录总数不超过 10，按规则排除
CMP:UPZFHUODAYGHDZ-TWGQIWQCSA-N,development,3,2,exclude_total_count_le_10,,明确阳性与明确阴性记录总数不超过 10，按规则排除
CMP:UQVKZNNCIHJZLS-UHFFFAOYSA-N,external,21,12,exclude_count_margin_le_10,,明确阳性与明确阴性记录数差绝对值不超过 10，按规则排除
CMP:UVBUBMSSQKOIBE-DSLOAKGESA-N,development,8,2,exclude_total_count_le_10,,明确阳性与明确阴性记录总数不超过 10，按规则排除
CMP:UVBUBMSSQKOIBE-DSLOAKGESA-N,external,3,4,exclude_total_count_le_10,,明确阳性与明确阴性记录总数不超过 10，按规则排除
CMP:VAOCPAMSLUNLGC-UHFFFAOYSA-N,development,8,6,exclude_count_margin_le_10,,明确阳性与明确阴性记录数差绝对值不超过 10，按规则排除
CMP:VHHHONWQHHHLTI-UHFFFAOYSA-N,development,5,3,exclude_total_count_le_10,,明确阳性与明确阴性记录总数不超过 10，按规则排除
CMP:VHHHONWQHHHLTI-UHFFFAOYSA-N,external,3,3,exclude_total_count_le_10,,明确阳性与明确阴性记录总数不超过 10，按规则排除
CMP:VINDNLFECRAGPR-UHFFFAOYSA-N,external,1,1,exclude_total_count_le_10,,明确阳性与明确阴性记录总数不超过 10，按规则排除
CMP:VLKZOEOYAKHREP-UHFFFAOYSA-N,development,1,3,exclude_total_count_le_10,,明确阳性与明确阴性记录总数不超过 10，按规则排除
CMP:VLNZRXKHRFNZDN-UHFFFAOYSA-N,development,4,1,exclude_total_count_le_10,,明确阳性与明确阴性记录总数不超过 10，按规则排除
CMP:VLNZRXKHRFNZDN-UHFFFAOYSA-N,external,4,2,exclude_total_count_le_10,,明确阳性与明确阴性记录总数不超过 10，按规则排除
CMP:VLZVIIYRNMWPSN-UHFFFAOYSA-N,external,1,3,exclude_total_count_le_10,,明确阳性与明确阴性记录总数不超过 10，按规则排除
CMP:VMUXSMXIQBNMGZ-UHFFFAOYSA-N,external,2,2,exclude_total_count_le_10,,明确阳性与明确阴性记录总数不超过 10，按规则排除
CMP:VONWDASPFIQPDY-UHFFFAOYSA-N,external,1,2,exclude_total_count_le_10,,明确阳性与明确阴性记录总数不超过 10，按规则排除
CMP:VOZKAJLKRJDJLL-UHFFFAOYSA-N,development,5,1,exclude_total_count_le_10,,明确阳性与明确阴性记录总数不超过 10，按规则排除
CMP:VOZKAJLKRJDJLL-UHFFFAOYSA-N,external,3,1,exclude_total_count_le_10,,明确阳性与明确阴性记录总数不超过 10，按规则排除
CMP:VQHSOMBJVWLPSR-JVCRWLNRSA-N,external,1,1,exclude_total_count_le_10,,明确阳性与明确阴性记录总数不超过 10，按规则排除
CMP:VVJKKKDJADMKNM-UHFFFAOYSA-N,external,2,2,exclude_total_count_le_10,,明确阳性与明确阴性记录总数不超过 10，按规则排除
CMP:VZGDMQKNWNREIO-UHFFFAOYSA-N,external,5,1,exclude_total_count_le_10,,明确阳性与明确阴性记录总数不超过 10，按规则排除
CMP:VZUNGTLZRAYYDE-UHFFFAOYSA-N,development,43,2,assign_positive,1,明确阳性记录数更多且差值大于 10，按规则标记为阳性
CMP:WAPNOHKVXSQRPX-UHFFFAOYSA-N,external,1,3,exclude_total_count_le_10,,明确阳性与明确阴性记录总数不超过 10，按规则排除
CMP:WARCRYXKINZHGQ-UHFFFAOYSA-N,development,4,2,exclude_total_count_le_10,,明确阳性与明确阴性记录总数不超过 10，按规则排除
CMP:WBNQDOYYEUMPFS-UHFFFAOYSA-N,development,38,11,assign_positive,1,明确阳性记录数更多且差值大于 10，按规则标记为阳性
CMP:WBNQDOYYEUMPFS-UHFFFAOYSA-N,external,50,3,assign_positive,1,明确阳性记录数更多且差值大于 10，按规则标记为阳性
CMP:WBXQXRXMGCOVHA-UHFFFAOYSA-N,external,4,1,exclude_total_count_le_10,,明确阳性与明确阴性记录总数不超过 10，按规则排除
CMP:WDECIBYCCFPHNR-UHFFFAOYSA-N,external,3,2,exclude_total_count_le_10,,明确阳性与明确阴性记录总数不超过 10，按规则排除
CMP:WEQODPBVLBGVHC-UHFFFAOYSA-N,external,3,1,exclude_total_count_le_10,,明确阳性与明确阴性记录总数不超过 10，按规则排除
CMP:WHHGLZMJPXIBIX-UHFFFAOYSA-N,external,2,1,exclude_total_count_le_10,,明确阳性与明确阴性记录总数不超过 10，按规则排除
CMP:WHIVNJATOVLWBW-UHFFFAOYSA-N,external,2,2,exclude_total_count_le_10,,明确阳性与明确阴性记录总数不超过 10，按规则排除
CMP:WHODQVWERNSQEO-UHFFFAOYSA-N,development,1,2,exclude_total_count_le_10,,明确阳性与明确阴性记录总数不超过 10，按规则排除
CMP:WHODQVWERNSQEO-UHFFFAOYSA-N,external,1,2,exclude_total_count_le_10,,明确阳性与明确阴性记录总数不超过 10，按规则排除
CMP:WKGXYQFOCVYPAC-UHFFFAOYSA-N,development,4,2,exclude_total_count_le_10,,明确阳性与明确阴性记录总数不超过 10，按规则排除
CMP:WMFXCDGQRHJFKL-UHFFFAOYSA-N,external,1,1,exclude_total_count_le_10,,明确阳性与明确阴性记录总数不超过 10，按规则排除
CMP:WNTGYJSOUMFZEP-UHFFFAOYSA-N,external,1,3,exclude_total_count_le_10,,明确阳性与明确阴性记录总数不超过 10，按规则排除
CMP:WNYADZVDBIBLJJ-UHFFFAOYSA-N,external,7,1,exclude_total_count_le_10,,明确阳性与明确阴性记录总数不超过 10，按规则排除
CMP:WREGKURFCTUGRC-POYBYMJQSA-N,external,9,3,exclude_count_margin_le_10,,明确阳性与明确阴性记录数差绝对值不超过 10，按规则排除
CMP:WRZOMWDJOLIVQP-UHFFFAOYSA-N,development,6,2,exclude_total_count_le_10,,明确阳性与明确阴性记录总数不超过 10，按规则排除
CMP:WRZOMWDJOLIVQP-UHFFFAOYSA-N,external,2,2,exclude_total_count_le_10,,明确阳性与明确阴性记录总数不超过 10，按规则排除
CMP:WSFSSNUMVMOOMR-UHFFFAOYSA-N,development,19,16,exclude_count_margin_le_10,,明确阳性与明确阴性记录数差绝对值不超过 10，按规则排除
CMP:WSFSSNUMVMOOMR-UHFFFAOYSA-N,external,6,5,exclude_count_margin_le_10,,明确阳性与明确阴性记录数差绝对值不超过 10，按规则排除
CMP:WSLDOOZREJYCGB-UHFFFAOYSA-N,development,33,26,exclude_count_margin_le_10,,明确阳性与明确阴性记录数差绝对值不超过 10，按规则排除
CMP:WSLDOOZREJYCGB-UHFFFAOYSA-N,external,6,5,exclude_count_margin_le_10,,明确阳性与明确阴性记录数差绝对值不超过 10，按规则排除
CMP:WSMYVTOQOOLQHP-UHFFFAOYSA-N,development,4,3,exclude_total_count_le_10,,明确阳性与明确阴性记录总数不超过 10，按规则排除
CMP:WSMYVTOQOOLQHP-UHFFFAOYSA-N,external,2,6,exclude_total_count_le_10,,明确阳性与明确阴性记录总数不超过 10，按规则排除
CMP:WTQZSMDDRMKJRI-UHFFFAOYSA-O,external,2,2,exclude_total_count_le_10,,明确阳性与明确阴性记录总数不超过 10，按规则排除
CMP:WVLBCYQITXONBZ-UHFFFAOYSA-N,development,1,8,exclude_total_count_le_10,,明确阳性与明确阴性记录总数不超过 10，按规则排除
CMP:WVLBCYQITXONBZ-UHFFFAOYSA-N,external,1,4,exclude_total_count_le_10,,明确阳性与明确阴性记录总数不超过 10，按规则排除
CMP:WWBGWPHHLRSTFI-UHFFFAOYSA-N,external,1,1,exclude_total_count_le_10,,明确阳性与明确阴性记录总数不超过 10，按规则排除
CMP:WYUDBEMLROEPHR-UHFFFAOYSA-N,external,4,3,exclude_total_count_le_10,,明确阳性与明确阴性记录总数不超过 10，按规则排除
CMP:WYURNTSHIVDZCO-UHFFFAOYSA-N,development,1,2,exclude_total_count_le_10,,明确阳性与明确阴性记录总数不超过 10，按规则排除
CMP:WYURNTSHIVDZCO-UHFFFAOYSA-N,external,3,2,exclude_total_count_le_10,,明确阳性与明确阴性记录总数不超过 10，按规则排除
CMP:WYYCRMBIYYRAEW-GQFGMJRRSA-N,external,1,1,exclude_total_count_le_10,,明确阳性与明确阴性记录总数不超过 10，按规则排除
CMP:WZXZCWIUJRKDJF-ROVUYSIBSA-N,external,2,1,exclude_total_count_le_10,,明确阳性与明确阴性记录总数不超过 10，按规则排除
CMP:XACTZENYSULJQD-UHFFFAOYSA-N,external,1,1,exclude_total_count_le_10,,明确阳性与明确阴性记录总数不超过 10，按规则排除
CMP:XCPGHVQEEXUHNC-UHFFFAOYSA-N,external,2,1,exclude_total_count_le_10,,明确阳性与明确阴性记录总数不超过 10，按规则排除
CMP:XHJKUHDKEFRGSK-UHFFFAOYSA-N,external,1,1,exclude_total_count_le_10,,明确阳性与明确阴性记录总数不超过 10，按规则排除
CMP:XITQUSLLOSKDTB-UHFFFAOYSA-N,development,10,3,exclude_count_margin_le_10,,明确阳性与明确阴性记录数差绝对值不超过 10，按规则排除
CMP:XITQUSLLOSKDTB-UHFFFAOYSA-N,external,5,2,exclude_total_count_le_10,,明确阳性与明确阴性记录总数不超过 10，按规则排除
CMP:XJGBDJOMWKAZJS-UHFFFAOYSA-N,development,11,1,exclude_count_margin_le_10,,明确阳性与明确阴性记录数差绝对值不超过 10，按规则排除
CMP:XKABJYQDMJTNGQ-VIFPVBQESA-N,external,7,1,exclude_total_count_le_10,,明确阳性与明确阴性记录总数不超过 10，按规则排除
CMP:XKJMBINCVNINCA-UHFFFAOYSA-N,external,3,2,exclude_total_count_le_10,,明确阳性与明确阴性记录总数不超过 10，按规则排除
CMP:XLSZMDLNRCVEIJ-UHFFFAOYSA-N,external,2,1,exclude_total_count_le_10,,明确阳性与明确阴性记录总数不超过 10，按规则排除
CMP:XMGQYMWWDOXHJM-JTQLQIEISA-N,development,3,3,exclude_total_count_le_10,,明确阳性与明确阴性记录总数不超过 10，按规则排除
CMP:XMGQYMWWDOXHJM-JTQLQIEISA-N,external,1,3,exclude_total_count_le_10,,明确阳性与明确阴性记录总数不超过 10，按规则排除
CMP:XOGPDSATLSAZEK-UHFFFAOYSA-N,development,6,1,exclude_total_count_le_10,,明确阳性与明确阴性记录总数不超过 10，按规则排除
CMP:XPAZGLFMMUODDK-UHFFFAOYSA-N,development,3,2,exclude_total_count_le_10,,明确阳性与明确阴性记录总数不超过 10，按规则排除
CMP:XPAZGLFMMUODDK-UHFFFAOYSA-N,external,2,2,exclude_total_count_le_10,,明确阳性与明确阴性记录总数不超过 10，按规则排除
CMP:XPFVYQJUAUNWIW-UHFFFAOYSA-N,external,2,1,exclude_total_count_le_10,,明确阳性与明确阴性记录总数不超过 10，按规则排除
CMP:XSTXAVWGXDQKEL-UHFFFAOYSA-N,development,16,32,assign_negative,0,明确阴性记录数更多且差值大于 10，按规则标记为阴性
CMP:XSTXAVWGXDQKEL-UHFFFAOYSA-N,external,7,7,exclude_count_margin_le_10,,明确阳性与明确阴性记录数差绝对值不超过 10，按规则排除
CMP:XTAHYROJKCXMOF-UHFFFAOYSA-N,external,1,3,exclude_total_count_le_10,,明确阳性与明确阴性记录总数不超过 10，按规则排除
CMP:XTRDKALNCIHHNI-UHFFFAOYSA-N,development,5,2,exclude_total_count_le_10,,明确阳性与明确阴性记录总数不超过 10，按规则排除
CMP:XTXFAVHDQCHWCS-UHFFFAOYSA-N,development,3,3,exclude_total_count_le_10,,明确阳性与明确阴性记录总数不超过 10，按规则排除
CMP:XTXFAVHDQCHWCS-UHFFFAOYSA-N,external,1,3,exclude_total_count_le_10,,明确阳性与明确阴性记录总数不超过 10，按规则排除
CMP:XTXRWKRVRITETP-UHFFFAOYSA-N,external,5,7,exclude_count_margin_le_10,,明确阳性与明确阴性记录数差绝对值不超过 10，按规则排除
CMP:YACLQRRMGMJLJV-UHFFFAOYSA-N,development,41,11,assign_positive,1,明确阳性记录数更多且差值大于 10，按规则标记为阳性
CMP:YACLQRRMGMJLJV-UHFFFAOYSA-N,external,5,4,exclude_total_count_le_10,,明确阳性与明确阴性记录总数不超过 10，按规则排除
CMP:YBQZXXMEJHZYMB-UHFFFAOYSA-N,development,7,1,exclude_total_count_le_10,,明确阳性与明确阴性记录总数不超过 10，按规则排除
CMP:YBQZXXMEJHZYMB-UHFFFAOYSA-N,external,3,1,exclude_total_count_le_10,,明确阳性与明确阴性记录总数不超过 10，按规则排除
CMP:YCIMNLLNPGFGHC-UHFFFAOYSA-N,development,28,2,assign_positive,1,明确阳性记录数更多且差值大于 10，按规则标记为阳性
CMP:YCIMNLLNPGFGHC-UHFFFAOYSA-N,external,16,2,assign_positive,1,明确阳性记录数更多且差值大于 10，按规则标记为阳性
CMP:YCLUIPQDHHPDJJ-UHFFFAOYSA-N,external,3,2,exclude_total_count_le_10,,明确阳性与明确阴性记录总数不超过 10，按规则排除
CMP:YCMLQMDWSXFTIF-UHFFFAOYSA-N,development,1,1,exclude_total_count_le_10,,明确阳性与明确阴性记录总数不超过 10，按规则排除
CMP:YEBAWWHAYLCCGQ-SSDOTTSWSA-N,external,2,1,exclude_total_count_le_10,,明确阳性与明确阴性记录总数不超过 10，按规则排除
CMP:YFCDLVPYFMHRQZ-UHFFFAOYSA-N,development,35,1,assign_positive,1,明确阳性记录数更多且差值大于 10，按规则标记为阳性
CMP:YFHYNLHGFKXAIQ-UHFFFAOYSA-N,development,2,10,exclude_count_margin_le_10,,明确阳性与明确阴性记录数差绝对值不超过 10，按规则排除
CMP:YFHYNLHGFKXAIQ-UHFFFAOYSA-N,external,1,3,exclude_total_count_le_10,,明确阳性与明确阴性记录总数不超过 10，按规则排除
CMP:YHILKALTPHRGSY-UHFFFAOYSA-N,development,8,17,exclude_count_margin_le_10,,明确阳性与明确阴性记录数差绝对值不超过 10，按规则排除
CMP:YHILKALTPHRGSY-UHFFFAOYSA-N,external,1,3,exclude_total_count_le_10,,明确阳性与明确阴性记录总数不超过 10，按规则排除
CMP:YHOZMWRNWDWYKJ-UHFFFAOYSA-N,development,5,1,exclude_total_count_le_10,,明确阳性与明确阴性记录总数不超过 10，按规则排除
CMP:YIWUKEYIRIRTPP-UHFFFAOYSA-N,development,1,3,exclude_total_count_le_10,,明确阳性与明确阴性记录总数不超过 10，按规则排除
CMP:YKFRAOGHWKADFJ-UHFFFAOYSA-N,development,7,11,exclude_count_margin_le_10,,明确阳性与明确阴性记录数差绝对值不超过 10，按规则排除
CMP:YKPUWZUDDOIDPM-SOFGYWHQSA-N,development,2,6,exclude_total_count_le_10,,明确阳性与明确阴性记录总数不超过 10，按规则排除
CMP:YLFBFPXKTIQSSY-UHFFFAOYSA-N,development,7,2,exclude_total_count_le_10,,明确阳性与明确阴性记录总数不超过 10，按规则排除
CMP:YLFBFPXKTIQSSY-UHFFFAOYSA-N,external,1,2,exclude_total_count_le_10,,明确阳性与明确阴性记录总数不超过 10，按规则排除
CMP:YLQBMQCUIZJEEH-UHFFFAOYSA-N,external,5,1,exclude_total_count_le_10,,明确阳性与明确阴性记录总数不超过 10，按规则排除
CMP:YMWUJEATGCHHMB-UHFFFAOYSA-N,development,21,26,exclude_count_margin_le_10,,明确阳性与明确阴性记录数差绝对值不超过 10，按规则排除
CMP:YMWUJEATGCHHMB-UHFFFAOYSA-N,external,11,10,exclude_count_margin_le_10,,明确阳性与明确阴性记录数差绝对值不超过 10，按规则排除
CMP:YNJBWRMUSHSURL-UHFFFAOYSA-N,development,4,3,exclude_total_count_le_10,,明确阳性与明确阴性记录总数不超过 10，按规则排除
CMP:YNJBWRMUSHSURL-UHFFFAOYSA-N,external,4,5,exclude_total_count_le_10,,明确阳性与明确阴性记录总数不超过 10，按规则排除
CMP:YNQLUTRBYVCPMQ-UHFFFAOYSA-N,external,4,2,exclude_total_count_le_10,,明确阳性与明确阴性记录总数不超过 10，按规则排除
CMP:YTISFYMPVILQRL-UHFFFAOYSA-N,development,5,3,exclude_total_count_le_10,,明确阳性与明确阴性记录总数不超过 10，按规则排除
CMP:YVGGHNCTFXOJCH-UHFFFAOYSA-N,development,30,36,exclude_count_margin_le_10,,明确阳性与明确阴性记录数差绝对值不超过 10，按规则排除
CMP:YVGGHNCTFXOJCH-UHFFFAOYSA-N,external,6,4,exclude_total_count_le_10,,明确阳性与明确阴性记录总数不超过 10，按规则排除
CMP:YVPJCJLMRRTDMQ-ONEGZZNKSA-N,external,6,4,exclude_total_count_le_10,,明确阳性与明确阴性记录总数不超过 10，按规则排除
CMP:YWTYJOPNNQFBPC-UHFFFAOYSA-N,external,1,3,exclude_total_count_le_10,,明确阳性与明确阴性记录总数不超过 10，按规则排除
CMP:YXFVVABEGXRONW-UHFFFAOYSA-N,development,2,6,exclude_total_count_le_10,,明确阳性与明确阴性记录总数不超过 10，按规则排除
CMP:YXIWHUQXZSMYRE-UHFFFAOYSA-N,external,2,1,exclude_total_count_le_10,,明确阳性与明确阴性记录总数不超过 10，按规则排除
CMP:ZBCBWPMODOFKDW-UHFFFAOYSA-N,external,2,2,exclude_total_count_le_10,,明确阳性与明确阴性记录总数不超过 10，按规则排除
CMP:ZDFULRQJRIJLRF-UHFFFAOYSA-N,development,15,4,assign_positive,1,明确阳性记录数更多且差值大于 10，按规则标记为阳性
CMP:ZEMGGZBWXRYJHK-UHFFFAOYSA-N,development,4,2,exclude_total_count_le_10,,明确阳性与明确阴性记录总数不超过 10，按规则排除
CMP:ZKXDGKXYMTYWTB-UHFFFAOYSA-N,external,16,1,assign_positive,1,明确阳性记录数更多且差值大于 10，按规则标记为阳性
CMP:ZLCUIOWQYBYEBG-UHFFFAOYSA-N,development,6,1,exclude_total_count_le_10,,明确阳性与明确阴性记录总数不超过 10，按规则排除
CMP:ZLCUIOWQYBYEBG-UHFFFAOYSA-N,external,3,1,exclude_total_count_le_10,,明确阳性与明确阴性记录总数不超过 10，按规则排除
CMP:ZLFVRXUOSPRRKQ-UHFFFAOYSA-N,external,3,1,exclude_total_count_le_10,,明确阳性与明确阴性记录总数不超过 10，按规则排除
CMP:ZMQAAUBTXCXRIC-UHFFFAOYSA-N,development,18,3,assign_positive,1,明确阳性记录数更多且差值大于 10，按规则标记为阳性
CMP:ZNRLMGFXSPUZNR-UHFFFAOYSA-N,external,1,3,exclude_total_count_le_10,,明确阳性与明确阴性记录总数不超过 10，按规则排除
CMP:ZNSMNVMLTJELDZ-UHFFFAOYSA-N,external,2,2,exclude_total_count_le_10,,明确阳性与明确阴性记录总数不超过 10，按规则排除
CMP:ZOCSXAVNDGMNBV-UHFFFAOYSA-N,external,3,1,exclude_total_count_le_10,,明确阳性与明确阴性记录总数不超过 10，按规则排除
CMP:ZOJBYZNEUISWFT-UHFFFAOYSA-N,development,1,2,exclude_total_count_le_10,,明确阳性与明确阴性记录总数不超过 10，按规则排除
CMP:ZOJBYZNEUISWFT-UHFFFAOYSA-N,external,1,2,exclude_total_count_le_10,,明确阳性与明确阴性记录总数不超过 10，按规则排除
CMP:ZOTBXTZVPHCKPN-HTXNQAPBSA-N,external,4,2,exclude_total_count_le_10,,明确阳性与明确阴性记录总数不超过 10，按规则排除
CMP:ZPTVNYMJQHSSEA-UHFFFAOYSA-N,external,1,1,exclude_total_count_le_10,,明确阳性与明确阴性记录总数不超过 10，按规则排除
CMP:ZQEIXNIJLIKNTD-UHFFFAOYSA-N,external,1,3,exclude_total_count_le_10,,明确阳性与明确阴性记录总数不超过 10，按规则排除
CMP:ZQELURDMDMQXQV-UHFFFAOYSA-N,development,4,1,exclude_total_count_le_10,,明确阳性与明确阴性记录总数不超过 10，按规则排除
CMP:ZRKWMRDKSOPRRS-UHFFFAOYSA-N,external,44,1,assign_positive,1,明确阳性记录数更多且差值大于 10，按规则标记为阳性
CMP:ZSDSQXJSNMTJDA-UHFFFAOYSA-N,development,7,27,assign_negative,0,明确阴性记录数更多且差值大于 10，按规则标记为阴性
CMP:ZSDSQXJSNMTJDA-UHFFFAOYSA-N,external,1,9,exclude_total_count_le_10,,明确阳性与明确阴性记录总数不超过 10，按规则排除
CMP:ZSPWEUZMDXEYMX-UHFFFAOYSA-N,development,5,32,assign_negative,0,明确阴性记录数更多且差值大于 10，按规则标记为阴性
CMP:ZSPWEUZMDXEYMX-YCRREMRBSA-N,external,5,12,exclude_count_margin_le_10,,明确阳性与明确阴性记录数差绝对值不超过 10，按规则排除
CMP:ZTWQZJLUUZHJGS-UHFFFAOYSA-N,development,1,3,exclude_total_count_le_10,,明确阳性与明确阴性记录总数不超过 10，按规则排除
CMP:ZTWQZJLUUZHJGS-UHFFFAOYSA-N,external,1,3,exclude_total_count_le_10,,明确阳性与明确阴性记录总数不超过 10，按规则排除
CMP:ZUOUZKKEUPVFJK-UHFFFAOYSA-N,external,2,2,exclude_total_count_le_10,,明确阳性与明确阴性记录总数不超过 10，按规则排除
CMP:ZWUBBMDHSZDNTA-UHFFFAOYSA-N,development,3,2,exclude_total_count_le_10,,明确阳性与明确阴性记录总数不超过 10，按规则排除
CMP:ZWUBBMDHSZDNTA-UHFFFAOYSA-N,external,2,2,exclude_total_count_le_10,,明确阳性与明确阴性记录总数不超过 10，按规则排除
CMP:ZYGHJZDHTFUPRJ-UHFFFAOYSA-N,development,9,10,exclude_count_margin_le_10,,明确阳性与明确阴性记录数差绝对值不超过 10，按规则排除
CMP:ZYGHJZDHTFUPRJ-UHFFFAOYSA-N,external,6,2,exclude_total_count_le_10,,明确阳性与明确阴性记录总数不超过 10，按规则排除
CMP:ZZUFCTLCJUWOSV-UHFFFAOYSA-N,external,1,2,exclude_total_count_le_10,,明确阳性与明确阴性记录总数不超过 10，按规则排除
