compound_id,standardized_inchikey,normalized_label,fold_id
CMP:AAOVKJBEBIDNHE-UHFFFAOYSA-N,AAOVKJBEBIDNHE-UHFFFAOYSA-N,0,2
CMP:ABVBOWJCKJGCJM-DMTCNVIQSA-N,ABVBOWJCKJGCJM-DMTCNVIQSA-N,0,0
CMP:ACGUYXCXAPNIKK-UHFFFAOYSA-N,ACGUYXCXAPNIKK-UHFFFAOYSA-N,0,2
CMP:AFLXUQUGROGEFA-UHFFFAOYSA-N,AFLXUQUGROGEFA-UHFFFAOYSA-N,1,4
CMP:AFZSMODLJJCVPP-UHFFFAOYSA-N,AFZSMODLJJCVPP-UHFFFAOYSA-N,0,1
CMP:AGRCPNMCOXLKFO-BDVNFPICSA-N,AGRCPNMCOXLKFO-BDVNFPICSA-N,1,2
CMP:AIFRHYZBTHREPW-UHFFFAOYSA-N,AIFRHYZBTHREPW-UHFFFAOYSA-N,0,1
CMP:AIPSXDXZFKITIG-JNQJZLCISA-N,AIPSXDXZFKITIG-JNQJZLCISA-N,1,0
CMP:AJDIZQLSFPQPEY-UHFFFAOYSA-N,AJDIZQLSFPQPEY-UHFFFAOYSA-N,0,2
CMP:AJFDBNQQDYLMJN-UHFFFAOYSA-N,AJFDBNQQDYLMJN-UHFFFAOYSA-N,1,0
CMP:AKRYBBWYDSDZHG-UHFFFAOYSA-N,AKRYBBWYDSDZHG-UHFFFAOYSA-N,1,0
CMP:AKZHPJMVGQRYGX-UHFFFAOYSA-N,AKZHPJMVGQRYGX-UHFFFAOYSA-N,1,2
CMP:ALCSGJCIESECFD-UHFFFAOYSA-N,ALCSGJCIESECFD-UHFFFAOYSA-N,1,2
CMP:ALRLPDGCPYIVHP-UHFFFAOYSA-N,ALRLPDGCPYIVHP-UHFFFAOYSA-N,1,2
CMP:AMIMRNSIRUDHCM-UHFFFAOYSA-N,AMIMRNSIRUDHCM-UHFFFAOYSA-N,0,3
CMP:AMTPYFGPPVFBBI-UHFFFAOYSA-N,AMTPYFGPPVFBBI-UHFFFAOYSA-N,1,3
CMP:AMTRFSFECFPSHF-UHFFFAOYSA-N,AMTRFSFECFPSHF-UHFFFAOYSA-N,0,1
CMP:ANASRAPCLNYZFM-UHFFFAOYSA-N,ANASRAPCLNYZFM-UHFFFAOYSA-N,1,1
CMP:APNSGVMLAYLYCT-UHFFFAOYSA-N,APNSGVMLAYLYCT-UHFFFAOYSA-N,1,4
CMP:AQIXAKUUQRKLND-UHFFFAOYSA-N,AQIXAKUUQRKLND-UHFFFAOYSA-N,0,0
CMP:AQKCJDFMDAPELP-UHFFFAOYSA-N,AQKCJDFMDAPELP-UHFFFAOYSA-N,1,3
CMP:ARCZSDSOONGBRX-UHFFFAOYSA-N,ARCZSDSOONGBRX-UHFFFAOYSA-N,1,1
CMP:ARHWPKZXBHOEEE-UHFFFAOYSA-N,ARHWPKZXBHOEEE-UHFFFAOYSA-N,0,2
CMP:ARSRBNBHOADGJU-UHFFFAOYSA-N,ARSRBNBHOADGJU-UHFFFAOYSA-N,1,3
CMP:ARZWATDYIYAUTA-UHFFFAOYSA-N,ARZWATDYIYAUTA-UHFFFAOYSA-N,1,3
CMP:ASLWPAWFJZFCKF-UHFFFAOYSA-N,ASLWPAWFJZFCKF-UHFFFAOYSA-N,1,1
CMP:ASWVTGNCAZCNNR-UHFFFAOYSA-N,ASWVTGNCAZCNNR-UHFFFAOYSA-N,1,3
CMP:ATFARZXNCCWOKJ-UHFFFAOYSA-N,ATFARZXNCCWOKJ-UHFFFAOYSA-N,1,1
CMP:AUGNBQPSMWGAJE-UHFFFAOYSA-N,AUGNBQPSMWGAJE-UHFFFAOYSA-N,1,2
CMP:AUZONCFQVSMFAP-UHFFFAOYSA-N,AUZONCFQVSMFAP-UHFFFAOYSA-N,0,0
CMP:AVESHLVLHJKUKQ-UHFFFAOYSA-N,AVESHLVLHJKUKQ-UHFFFAOYSA-N,1,1
CMP:AVUYXHYHTTVPRX-UHFFFAOYSA-N,AVUYXHYHTTVPRX-UHFFFAOYSA-N,1,1
CMP:AWMVMTVKBNGEAK-UHFFFAOYSA-N,AWMVMTVKBNGEAK-UHFFFAOYSA-N,1,3
CMP:AWYFNIZYMPNGAI-UHFFFAOYSA-N,AWYFNIZYMPNGAI-UHFFFAOYSA-N,0,1
CMP:AYLURHVFAYRSHT-UHFFFAOYSA-N,AYLURHVFAYRSHT-UHFFFAOYSA-N,1,2
CMP:AZQWKYJCGOJGHM-UHFFFAOYSA-N,AZQWKYJCGOJGHM-UHFFFAOYSA-N,1,1
CMP:BABMCXWQNSQAOC-UHFFFAOYSA-M,BABMCXWQNSQAOC-UHFFFAOYSA-M,0,3
CMP:BAOXJBYPTRZNSH-XBXARRHUSA-N,BAOXJBYPTRZNSH-XBXARRHUSA-N,0,0
CMP:BAQAVOSOZGMPRM-QBMZZYIRSA-N,BAQAVOSOZGMPRM-QBMZZYIRSA-N,0,3
CMP:BATOPAZDIZEVQF-UHFFFAOYSA-N,BATOPAZDIZEVQF-UHFFFAOYSA-N,1,4
CMP:BBABSCYTNHOKOG-UHFFFAOYSA-N,BBABSCYTNHOKOG-UHFFFAOYSA-N,0,3
CMP:BBDAGFIXKZCXAH-PJNBIRNISA-N,BBDAGFIXKZCXAH-PJNBIRNISA-N,0,4
CMP:BBDKZWKEPDTENS-UHFFFAOYSA-N,BBDKZWKEPDTENS-UHFFFAOYSA-N,1,4
CMP:BBFQZRXNYIEMAW-UHFFFAOYSA-N,BBFQZRXNYIEMAW-UHFFFAOYSA-N,1,0
CMP:BBPLSOGERZQYQC-UHFFFAOYSA-N,BBPLSOGERZQYQC-UHFFFAOYSA-N,0,0
CMP:BCJMNZRQJAVDLD-CQRYIUNCSA-N,BCJMNZRQJAVDLD-CQRYIUNCSA-N,1,4
CMP:BDERNNFJNOPAEC-UHFFFAOYSA-N,BDERNNFJNOPAEC-UHFFFAOYSA-N,0,3
CMP:BEJNERDRQOWKJM-UHFFFAOYSA-N,BEJNERDRQOWKJM-UHFFFAOYSA-N,1,3
CMP:BETVNUCOOCCCIO-UHFFFAOYSA-N,BETVNUCOOCCCIO-UHFFFAOYSA-N,0,4
CMP:BFKJFAAPBSQJPD-UHFFFAOYSA-N,BFKJFAAPBSQJPD-UHFFFAOYSA-N,1,0
CMP:BFPSDSIWYFKGBC-UHFFFAOYSA-N,BFPSDSIWYFKGBC-UHFFFAOYSA-N,0,4
CMP:BFPYWIDHMRZLRN-SLHNCBLASA-N,BFPYWIDHMRZLRN-SLHNCBLASA-N,1,2
CMP:BGNXCDMCOKJUMV-UHFFFAOYSA-N,BGNXCDMCOKJUMV-UHFFFAOYSA-N,0,4
CMP:BGPPUXMKKQMWLV-UHFFFAOYSA-N,BGPPUXMKKQMWLV-UHFFFAOYSA-N,0,2
CMP:BGRDGMRNKXEXQD-UHFFFAOYSA-N,BGRDGMRNKXEXQD-UHFFFAOYSA-N,0,2
CMP:BIWJNBZANLAXMG-UHFFFAOYSA-N,BIWJNBZANLAXMG-UHFFFAOYSA-N,1,1
CMP:BIXZHMJUSMUDOQ-UHFFFAOYSA-N,BIXZHMJUSMUDOQ-UHFFFAOYSA-N,0,0
CMP:BJQHLKABXJIVAM-UHFFFAOYSA-N,BJQHLKABXJIVAM-UHFFFAOYSA-N,1,3
CMP:BJUPUKIYTMVLCW-ONNFQVAWSA-N,BJUPUKIYTMVLCW-ONNFQVAWSA-N,1,3
CMP:BLQOLXMZXQXGOL-UHFFFAOYSA-N,BLQOLXMZXQXGOL-UHFFFAOYSA-N,1,3
CMP:BOSMZFBHAYFUBJ-UHFFFAOYSA-N,BOSMZFBHAYFUBJ-UHFFFAOYSA-N,0,4
CMP:BOUGCJDAQLKBQH-UHFFFAOYSA-N,BOUGCJDAQLKBQH-UHFFFAOYSA-N,0,4
CMP:BPLBGHOLXOTWMN-MBNYWOFBSA-N,BPLBGHOLXOTWMN-MBNYWOFBSA-N,0,3
CMP:BQQUFAMSJAKLNB-UHFFFAOYSA-N,BQQUFAMSJAKLNB-UHFFFAOYSA-N,0,1
CMP:BRWIZMBXBAOCCF-UHFFFAOYSA-N,BRWIZMBXBAOCCF-UHFFFAOYSA-N,0,3
CMP:BSYNRYMUTXBXSQ-UHFFFAOYSA-N,BSYNRYMUTXBXSQ-UHFFFAOYSA-N,0,2
CMP:BTAGRXWGMYTPBY-UHFFFAOYSA-N,BTAGRXWGMYTPBY-UHFFFAOYSA-N,1,0
CMP:BTLXPCBPYBNQNR-UHFFFAOYSA-N,BTLXPCBPYBNQNR-UHFFFAOYSA-N,1,4
CMP:BUMHFBGBXFTGJZ-UHFFFAOYSA-N,BUMHFBGBXFTGJZ-UHFFFAOYSA-N,1,0
CMP:BUXVIXBGMQXWGT-UHFFFAOYSA-N,BUXVIXBGMQXWGT-UHFFFAOYSA-N,1,0
CMP:BXFOFFBJRFZBQZ-QYWOHJEZSA-N,BXFOFFBJRFZBQZ-QYWOHJEZSA-N,1,3
CMP:BXIVHTWXKYBJEM-UHFFFAOYSA-N,BXIVHTWXKYBJEM-UHFFFAOYSA-N,1,4
CMP:BXIXXXYDDJVHDL-UHFFFAOYSA-N,BXIXXXYDDJVHDL-UHFFFAOYSA-N,1,3
CMP:BXNANOICGRISHX-UHFFFAOYSA-N,BXNANOICGRISHX-UHFFFAOYSA-N,0,2
CMP:BXYPVKMROLGXJI-JTQLQIEISA-N,BXYPVKMROLGXJI-JTQLQIEISA-N,1,1
CMP:BYKYTXUAKJDVPV-UHFFFAOYSA-N,BYKYTXUAKJDVPV-UHFFFAOYSA-N,0,4
CMP:BYMPKULJRANZCQ-UHFFFAOYSA-N,BYMPKULJRANZCQ-UHFFFAOYSA-N,0,1
CMP:BZHJMEDXRYGGRV-UHFFFAOYSA-N,BZHJMEDXRYGGRV-UHFFFAOYSA-N,1,2
CMP:BZLVMXJERCGZMT-UHFFFAOYSA-N,BZLVMXJERCGZMT-UHFFFAOYSA-N,1,4
CMP:BZXUQIDKDGGYPB-UHFFFAOYSA-N,BZXUQIDKDGGYPB-UHFFFAOYSA-N,0,0
CMP:CAUBWLYZCDDYEF-UHFFFAOYSA-N,CAUBWLYZCDDYEF-UHFFFAOYSA-N,1,0
CMP:CBCKQZAAMUWICA-UHFFFAOYSA-N,CBCKQZAAMUWICA-UHFFFAOYSA-N,0,3
CMP:CBPKIOGAUWKEFT-UHFFFAOYSA-N,CBPKIOGAUWKEFT-UHFFFAOYSA-N,1,3
CMP:CCTMZRHJDTTZRF-UHFFFAOYSA-N,CCTMZRHJDTTZRF-UHFFFAOYSA-N,1,1
CMP:CDCHDCWJMGXXRH-UHFFFAOYSA-N,CDCHDCWJMGXXRH-UHFFFAOYSA-N,0,2
CMP:CEHDRGBLVBQUPH-UHFFFAOYSA-N,CEHDRGBLVBQUPH-UHFFFAOYSA-N,1,0
CMP:CFBYEGUGFPZCNF-UHFFFAOYSA-N,CFBYEGUGFPZCNF-UHFFFAOYSA-N,1,4
CMP:CFXQEHVMCRXUSD-UHFFFAOYSA-N,CFXQEHVMCRXUSD-UHFFFAOYSA-N,1,4
CMP:CGIGDMFJXJATDK-UHFFFAOYSA-N,CGIGDMFJXJATDK-UHFFFAOYSA-N,1,1
CMP:CHERCCPWQNZOOH-UHFFFAOYSA-N,CHERCCPWQNZOOH-UHFFFAOYSA-N,1,0
CMP:CHSYXJNUOMUPOG-GRMWVWQJSA-N,CHSYXJNUOMUPOG-GRMWVWQJSA-N,1,1
CMP:CHUGKEQJSLOLHL-UHFFFAOYSA-N,CHUGKEQJSLOLHL-UHFFFAOYSA-N,1,3
CMP:CJJOSEISRRTUQB-UHFFFAOYSA-N,CJJOSEISRRTUQB-UHFFFAOYSA-N,0,0
CMP:CJTZDYDOPZRFTF-UHFFFAOYSA-N,CJTZDYDOPZRFTF-UHFFFAOYSA-N,0,2
CMP:CKAPSXZOOQJIBF-UHFFFAOYSA-N,CKAPSXZOOQJIBF-UHFFFAOYSA-N,1,2
CMP:CKLJMWTZIZZHCS-REOHCLBHSA-N,CKLJMWTZIZZHCS-REOHCLBHSA-N,0,0
CMP:CKNAQFVBEHDJQV-UHFFFAOYSA-N,CKNAQFVBEHDJQV-UHFFFAOYSA-N,0,3
CMP:CKOMXBHMKXXTNW-UHFFFAOYSA-N,CKOMXBHMKXXTNW-UHFFFAOYSA-N,0,0
CMP:CLJAWWBXVXWHFD-UHFFFAOYSA-N,CLJAWWBXVXWHFD-UHFFFAOYSA-N,1,2
CMP:CMSMOCZEIVJLDB-UHFFFAOYSA-N,CMSMOCZEIVJLDB-UHFFFAOYSA-N,1,1
CMP:CNWSQCLBDWYLAN-UHFFFAOYSA-N,CNWSQCLBDWYLAN-UHFFFAOYSA-N,0,4
CMP:CNXCLASNZDZCBC-UHFFFAOYSA-N,CNXCLASNZDZCBC-UHFFFAOYSA-N,0,1
CMP:CPTBDICYNRMXFX-UHFFFAOYSA-N,CPTBDICYNRMXFX-UHFFFAOYSA-N,1,4
CMP:CPTIBDHUFVHUJK-NZYDNVMFSA-N,CPTIBDHUFVHUJK-NZYDNVMFSA-N,0,0
CMP:CTKINSOISVBQLD-UHFFFAOYSA-N,CTKINSOISVBQLD-UHFFFAOYSA-N,1,1
CMP:CTRXDTYTAAKVSM-UHFFFAOYSA-N,CTRXDTYTAAKVSM-UHFFFAOYSA-N,0,0
CMP:CUARLQDWYSRQDF-UHFFFAOYSA-N,CUARLQDWYSRQDF-UHFFFAOYSA-N,1,4
CMP:CVBMAZKKCSYWQR-WCGOZPBSSA-N,CVBMAZKKCSYWQR-WCGOZPBSSA-N,0,0
CMP:CVHZOJJKTDOEJC-UHFFFAOYSA-N,CVHZOJJKTDOEJC-UHFFFAOYSA-N,0,0
CMP:CVNSFWDAXAKBIM-UHFFFAOYSA-N,CVNSFWDAXAKBIM-UHFFFAOYSA-N,1,4
CMP:CVTIZMOISGMZRJ-UHFFFAOYSA-N,CVTIZMOISGMZRJ-UHFFFAOYSA-N,1,3
CMP:CVVFFUKULYKOJR-UHFFFAOYSA-N,CVVFFUKULYKOJR-UHFFFAOYSA-N,0,3
CMP:CVXBEEMKQHEXEN-UHFFFAOYSA-N,CVXBEEMKQHEXEN-UHFFFAOYSA-N,0,0
CMP:CWJSHJJYOPWUGX-UHFFFAOYSA-N,CWJSHJJYOPWUGX-UHFFFAOYSA-N,0,0
CMP:CWPDWGWHFVCTQM-UHFFFAOYSA-N,CWPDWGWHFVCTQM-UHFFFAOYSA-N,1,3
CMP:CWULQTRBZMJZEG-UHFFFAOYSA-N,CWULQTRBZMJZEG-UHFFFAOYSA-N,1,0
CMP:CXOFVDLJLONNDW-UHFFFAOYSA-N,CXOFVDLJLONNDW-UHFFFAOYSA-N,0,1
CMP:CYQFCXCEBYINGO-IAGOWNOFSA-N,CYQFCXCEBYINGO-IAGOWNOFSA-N,0,1
CMP:CYRMSUTZVYGINF-UHFFFAOYSA-N,CYRMSUTZVYGINF-UHFFFAOYSA-N,0,4
CMP:CYTYCFOTNPOANT-UHFFFAOYSA-N,CYTYCFOTNPOANT-UHFFFAOYSA-N,1,4
CMP:CYUUEOAQIWCPBE-JCJNQZIJSA-N,CYUUEOAQIWCPBE-JCJNQZIJSA-N,1,1
CMP:CYXIKYKBLDZZNW-UHFFFAOYSA-N,CYXIKYKBLDZZNW-UHFFFAOYSA-N,1,2
CMP:CZIHNRWJTSTCEX-UHFFFAOYSA-N,CZIHNRWJTSTCEX-UHFFFAOYSA-N,1,2
CMP:CZMRCDWAGMRECN-UGDNZRGBSA-N,CZMRCDWAGMRECN-UGDNZRGBSA-N,0,1
CMP:CZQLULNMKQAIQL-PFDMWMSASA-N,CZQLULNMKQAIQL-PFDMWMSASA-N,1,3
CMP:CZQNYPBIOHVQQN-UHFFFAOYSA-N,CZQNYPBIOHVQQN-UHFFFAOYSA-N,0,0
CMP:CZWCKYRVOZZJNM-USOAJAOKSA-N,CZWCKYRVOZZJNM-USOAJAOKSA-N,0,1
CMP:DADTZHAWDPZVFJ-UHFFFAOYSA-N,DADTZHAWDPZVFJ-UHFFFAOYSA-N,0,0
CMP:DAHPIMYBWVSMKQ-UHFFFAOYSA-N,DAHPIMYBWVSMKQ-UHFFFAOYSA-N,1,1
CMP:DBABZHXKTCFAPX-UHFFFAOYSA-N,DBABZHXKTCFAPX-UHFFFAOYSA-N,0,4
CMP:DBEPLOCGEIEOCV-WSBQPABSSA-N,DBEPLOCGEIEOCV-WSBQPABSSA-N,1,3
CMP:DECIPOUIJURFOJ-UHFFFAOYSA-N,DECIPOUIJURFOJ-UHFFFAOYSA-N,0,0
CMP:DEQZTKGFXNUBJL-UHFFFAOYSA-N,DEQZTKGFXNUBJL-UHFFFAOYSA-N,0,4
CMP:DFBKLUNHFCTMDC-GKRDHZSOSA-N,DFBKLUNHFCTMDC-GKRDHZSOSA-N,0,4
CMP:DFBKLUNHFCTMDC-PICURKEMSA-N,DFBKLUNHFCTMDC-PICURKEMSA-N,0,3
CMP:DFPAKSUCGFBDDF-UHFFFAOYSA-N,DFPAKSUCGFBDDF-UHFFFAOYSA-N,0,4
CMP:DGLJLGBVHRQILR-UHFFFAOYSA-N,DGLJLGBVHRQILR-UHFFFAOYSA-N,0,0
CMP:DHMQDGOQFOQNFH-UHFFFAOYSA-N,DHMQDGOQFOQNFH-UHFFFAOYSA-N,1,4
CMP:DHOYZNRIPLSCPT-UHFFFAOYSA-N,DHOYZNRIPLSCPT-UHFFFAOYSA-N,1,0
CMP:DIKPQFXYECAYPC-UHFFFAOYSA-N,DIKPQFXYECAYPC-UHFFFAOYSA-N,1,2
CMP:DIWVBIXQCNRCFE-UHFFFAOYSA-N,DIWVBIXQCNRCFE-UHFFFAOYSA-N,0,0
CMP:DKGAVHZHDRPRBM-UHFFFAOYSA-N,DKGAVHZHDRPRBM-UHFFFAOYSA-N,0,4
CMP:DLRVVLDZNNYCBX-KNHCDGMMSA-N,DLRVVLDZNNYCBX-KNHCDGMMSA-N,0,0
CMP:DLZUBMGMHUNDLF-CVSXEEBHSA-N,DLZUBMGMHUNDLF-CVSXEEBHSA-N,1,3
CMP:DNIAPMSPPWPWGF-UHFFFAOYSA-N,DNIAPMSPPWPWGF-UHFFFAOYSA-N,0,2
CMP:DNPICXVYNIZRFB-UHFFFAOYSA-N,DNPICXVYNIZRFB-UHFFFAOYSA-N,1,4
CMP:DOPJTDJKZNWLRB-UHFFFAOYSA-N,DOPJTDJKZNWLRB-UHFFFAOYSA-N,0,3
CMP:DPYMAXOKJUBANR-UHFFFAOYSA-N,DPYMAXOKJUBANR-UHFFFAOYSA-N,1,0
CMP:DSGKTUVITPQPRT-UHFFFAOYSA-N,DSGKTUVITPQPRT-UHFFFAOYSA-N,0,3
CMP:DUEPRVBVGDRKAG-UHFFFAOYSA-N,DUEPRVBVGDRKAG-UHFFFAOYSA-N,0,2
CMP:DURULFYMVIFBIR-UHFFFAOYSA-N,DURULFYMVIFBIR-UHFFFAOYSA-N,0,2
CMP:DUWYZHLZDVCZIO-UHFFFAOYSA-N,DUWYZHLZDVCZIO-UHFFFAOYSA-N,1,3
CMP:DVCCCQNKIYNAKB-UHFFFAOYSA-N,DVCCCQNKIYNAKB-UHFFFAOYSA-N,1,1
CMP:DVKJHBMWWAPEIU-UHFFFAOYSA-N,DVKJHBMWWAPEIU-UHFFFAOYSA-N,0,2
CMP:FAUOSXUSCVJWAY-UHFFFAOYSA-N,FAUOSXUSCVJWAY-UHFFFAOYSA-N,0,3
CMP:FBOZXECLQNJBKD-ZDUSSCGKSA-N,FBOZXECLQNJBKD-ZDUSSCGKSA-N,0,3
CMP:FBPFZTCFMRRESA-KVTDHHQDSA-N,FBPFZTCFMRRESA-KVTDHHQDSA-N,0,2
CMP:FCKJYANJHNLEEP-XRWYNYHCSA-N,FCKJYANJHNLEEP-XRWYNYHCSA-N,0,0
CMP:FCYWOYUDCUKTJC-UHFFFAOYSA-N,FCYWOYUDCUKTJC-UHFFFAOYSA-N,1,0
CMP:FDCJUXDANKKYRM-UHFFFAOYSA-N,FDCJUXDANKKYRM-UHFFFAOYSA-N,1,1
CMP:FDKXTQMXEQVLRF-UHFFFAOYSA-N,FDKXTQMXEQVLRF-UHFFFAOYSA-N,1,1
CMP:FFEARJCKVFRZRR-UHFFFAOYSA-N,FFEARJCKVFRZRR-UHFFFAOYSA-N,0,4
CMP:FFYZMBQLAYDJIG-UHFFFAOYSA-N,FFYZMBQLAYDJIG-UHFFFAOYSA-N,1,4
CMP:FGLBSLMDCBOPQK-UHFFFAOYSA-N,FGLBSLMDCBOPQK-UHFFFAOYSA-N,0,2
CMP:FHIVAFMUCKRCQO-UHFFFAOYSA-N,FHIVAFMUCKRCQO-UHFFFAOYSA-N,0,1
CMP:FIPWRIJSWJWJAI-UHFFFAOYSA-N,FIPWRIJSWJWJAI-UHFFFAOYSA-N,0,0
CMP:FJLGEFLZQAZZCD-JUFISIKESA-N,FJLGEFLZQAZZCD-JUFISIKESA-N,1,3
CMP:FJTNLJLPLJDTRM-UHFFFAOYSA-N,FJTNLJLPLJDTRM-UHFFFAOYSA-N,1,0
CMP:FKZLAQOTFPPENP-UHFFFAOYSA-N,FKZLAQOTFPPENP-UHFFFAOYSA-N,1,3
CMP:FLTYACUMGDVPLP-MDZDMXLPSA-N,FLTYACUMGDVPLP-MDZDMXLPSA-N,0,2
CMP:FMGSKLZLMKYGDP-USOAJAOKSA-N,FMGSKLZLMKYGDP-USOAJAOKSA-N,1,2
CMP:FMKBEVQUKYPUEJ-UHFFFAOYSA-N,FMKBEVQUKYPUEJ-UHFFFAOYSA-N,1,2
CMP:FMWLUWPQPKEARP-UHFFFAOYSA-N,FMWLUWPQPKEARP-UHFFFAOYSA-N,1,1
CMP:FNKQFBWKNIGIOS-UHFFFAOYSA-N,FNKQFBWKNIGIOS-UHFFFAOYSA-N,0,1
CMP:FNYLWPVRPXGIIP-UHFFFAOYSA-N,FNYLWPVRPXGIIP-UHFFFAOYSA-N,0,3
CMP:FOCAUTSVDIKZOP-UHFFFAOYSA-N,FOCAUTSVDIKZOP-UHFFFAOYSA-N,0,0
CMP:FOCVUCIESVLUNU-UHFFFAOYSA-N,FOCVUCIESVLUNU-UHFFFAOYSA-N,1,2
CMP:FODTZLFLDFKIQH-MLFZJPEPSA-N,FODTZLFLDFKIQH-MLFZJPEPSA-N,0,1
CMP:FQDIANVAWVHZIR-OWOJBTEDSA-N,FQDIANVAWVHZIR-OWOJBTEDSA-N,1,2
CMP:FQDIANVAWVHZIR-UHFFFAOYSA-N,FQDIANVAWVHZIR-UHFFFAOYSA-N,1,4
CMP:FQYUMYWMJTYZTK-UHFFFAOYSA-N,FQYUMYWMJTYZTK-UHFFFAOYSA-N,1,3
CMP:FRCHKSNAZZFGCA-UHFFFAOYSA-N,FRCHKSNAZZFGCA-UHFFFAOYSA-N,1,2
CMP:FSSPGSAQUIYDCN-UHFFFAOYSA-N,FSSPGSAQUIYDCN-UHFFFAOYSA-N,1,3
CMP:FSVJFNAIGNNGKK-UHFFFAOYSA-N,FSVJFNAIGNNGKK-UHFFFAOYSA-N,0,4
CMP:FUCMFBXWLUGVIZ-UHFFFAOYSA-N,FUCMFBXWLUGVIZ-UHFFFAOYSA-N,1,4
CMP:FULZLIGZKMKICU-UHFFFAOYSA-N,FULZLIGZKMKICU-UHFFFAOYSA-N,0,4
CMP:FUSGACRLAFQQRL-UHFFFAOYSA-N,FUSGACRLAFQQRL-UHFFFAOYSA-N,1,4
CMP:FWIVLSMSIPKDRU-UHFFFAOYSA-N,FWIVLSMSIPKDRU-UHFFFAOYSA-N,1,0
CMP:FXHOOIRPVKKKFG-UHFFFAOYSA-N,FXHOOIRPVKKKFG-UHFFFAOYSA-N,0,3
CMP:FYXKXZFTZBYYNP-UHFFFAOYSA-N,FYXKXZFTZBYYNP-UHFFFAOYSA-N,1,1
CMP:FZNCGRZWXLXZSZ-CIQUZCHMSA-N,FZNCGRZWXLXZSZ-CIQUZCHMSA-N,0,3
CMP:FZWGECJQACGGTI-UHFFFAOYSA-N,FZWGECJQACGGTI-UHFFFAOYSA-N,0,4
CMP:GATVIKZLVQHOMN-UHFFFAOYSA-N,GATVIKZLVQHOMN-UHFFFAOYSA-N,0,4
CMP:GCENCHHONAGMNP-VIFPVBQESA-N,GCENCHHONAGMNP-VIFPVBQESA-N,1,3
CMP:GCLQWMIRLMWPHD-UHFFFAOYSA-N,GCLQWMIRLMWPHD-UHFFFAOYSA-N,0,3
CMP:GEQNZVKIDIPGCO-UHFFFAOYSA-N,GEQNZVKIDIPGCO-UHFFFAOYSA-N,0,4
CMP:GFIXPWIVPHYTAJ-UHFFFAOYSA-N,GFIXPWIVPHYTAJ-UHFFFAOYSA-N,1,3
CMP:GFOKXZBYAVRDMO-UHFFFAOYSA-N,GFOKXZBYAVRDMO-UHFFFAOYSA-N,1,2
CMP:GGLIEWRLXDLBBF-UHFFFAOYSA-N,GGLIEWRLXDLBBF-UHFFFAOYSA-N,1,3
CMP:GGLZPLKKBSSKCX-UHFFFAOYSA-N,GGLZPLKKBSSKCX-UHFFFAOYSA-N,1,1
CMP:GGLZPLKKBSSKCX-YFKPBYRVSA-N,GGLZPLKKBSSKCX-YFKPBYRVSA-N,1,4
CMP:GHASVSINZRGABV-UHFFFAOYSA-N,GHASVSINZRGABV-UHFFFAOYSA-N,0,4
CMP:GHMLBKRAJCXXBS-UHFFFAOYSA-N,GHMLBKRAJCXXBS-UHFFFAOYSA-N,0,0
CMP:GHOSNRCGJFBJIB-UHFFFAOYSA-N,GHOSNRCGJFBJIB-UHFFFAOYSA-N,0,0
CMP:GHQCIALFYKYZGS-UHFFFAOYSA-N,GHQCIALFYKYZGS-UHFFFAOYSA-N,1,2
CMP:GHYALFXBRYPUHB-DUXPYHPUSA-N,GHYALFXBRYPUHB-DUXPYHPUSA-N,1,3
CMP:GLVAUDGFNGKCSF-UHFFFAOYSA-N,GLVAUDGFNGKCSF-UHFFFAOYSA-N,0,4
CMP:GMHPROGCQPQRLG-UHFFFAOYSA-N,GMHPROGCQPQRLG-UHFFFAOYSA-N,1,0
CMP:GMZOUDFUPHOZBW-UHFFFAOYSA-N,GMZOUDFUPHOZBW-UHFFFAOYSA-N,1,2
CMP:GNOIPBMMFNIUFM-UHFFFAOYSA-N,GNOIPBMMFNIUFM-UHFFFAOYSA-N,1,4
CMP:GOOHAUXETOMSMM-UHFFFAOYSA-N,GOOHAUXETOMSMM-UHFFFAOYSA-N,1,2
CMP:GOOMUPCAOADBSA-UHFFFAOYSA-N,GOOMUPCAOADBSA-UHFFFAOYSA-N,0,0
CMP:GOPFSGIKKZFUJK-UHFFFAOYSA-N,GOPFSGIKKZFUJK-UHFFFAOYSA-N,0,2
CMP:GPAPPPVRLPGFEQ-UHFFFAOYSA-N,GPAPPPVRLPGFEQ-UHFFFAOYSA-N,0,4
CMP:GQBHKSFHNFMVES-MIHORJCMSA-N,GQBHKSFHNFMVES-MIHORJCMSA-N,1,3
CMP:GRYFJBRXMFVEIL-UHFFFAOYSA-N,GRYFJBRXMFVEIL-UHFFFAOYSA-N,1,2
CMP:GSCLMSFRWBPUSK-UHFFFAOYSA-N,GSCLMSFRWBPUSK-UHFFFAOYSA-N,1,0
CMP:GTVWRXDRKAHEAD-UHFFFAOYSA-N,GTVWRXDRKAHEAD-UHFFFAOYSA-N,0,0
CMP:GUMSHIGGVOJLBP-SLRPQMTOSA-N,GUMSHIGGVOJLBP-SLRPQMTOSA-N,0,3
CMP:GVJHHUAWPYXKBD-UHFFFAOYSA-N,GVJHHUAWPYXKBD-UHFFFAOYSA-N,0,3
CMP:GVNWZKBFMFUVNX-UHFFFAOYSA-N,GVNWZKBFMFUVNX-UHFFFAOYSA-N,0,0
CMP:GVYLCNUFSHDAAW-UHFFFAOYSA-N,GVYLCNUFSHDAAW-UHFFFAOYSA-N,1,1
CMP:GWHJZXXIDMPWGX-UHFFFAOYSA-N,GWHJZXXIDMPWGX-UHFFFAOYSA-N,1,1
CMP:GWIAAIUASRVOIA-UHFFFAOYSA-N,GWIAAIUASRVOIA-UHFFFAOYSA-N,0,2
CMP:GWSLPKWCBFSXCD-FPLPWBNLSA-N,GWSLPKWCBFSXCD-FPLPWBNLSA-N,1,1
CMP:GXDALQBWZGODGZ-UHFFFAOYSA-N,GXDALQBWZGODGZ-UHFFFAOYSA-N,0,3
CMP:GYCMBHHDWRMZGG-UHFFFAOYSA-N,GYCMBHHDWRMZGG-UHFFFAOYSA-N,0,3
CMP:GYRMPDLIHUXUIG-UHFFFAOYSA-N,GYRMPDLIHUXUIG-UHFFFAOYSA-N,1,4
CMP:GYYDPBCUIJTIBM-DYOGSRDZSA-N,GYYDPBCUIJTIBM-DYOGSRDZSA-N,0,1
CMP:GZCRKMACGRBALK-VMPITWQZSA-N,GZCRKMACGRBALK-VMPITWQZSA-N,1,1
CMP:GZGZVOLBULPDFD-UHFFFAOYSA-N,GZGZVOLBULPDFD-UHFFFAOYSA-N,0,1
CMP:GZPBVLUEICLBOA-UHFFFAOYSA-N,GZPBVLUEICLBOA-UHFFFAOYSA-N,0,4
CMP:GZPOYVTZKHVRHE-UHFFFAOYSA-N,GZPOYVTZKHVRHE-UHFFFAOYSA-N,0,3
CMP:GZUXJHMPEANEGY-UHFFFAOYSA-N,GZUXJHMPEANEGY-UHFFFAOYSA-N,0,0
CMP:GZVHEAJQGPRDLQ-UHFFFAOYSA-N,GZVHEAJQGPRDLQ-UHFFFAOYSA-N,0,3
CMP:HAGCCDDROWPBPR-UHFFFAOYSA-N,HAGCCDDROWPBPR-UHFFFAOYSA-N,0,4
CMP:HAKZNKDZKQNRNW-UHFFFAOYSA-N,HAKZNKDZKQNRNW-UHFFFAOYSA-N,1,1
CMP:HAWPXGHAZFHHAD-UHFFFAOYSA-N,HAWPXGHAZFHHAD-UHFFFAOYSA-N,1,2
CMP:HBGGXOJOCNVPFY-UHFFFAOYSA-N,HBGGXOJOCNVPFY-UHFFFAOYSA-N,1,1
CMP:HBQPGVWPSQGTJK-TWELXNIESA-N,HBQPGVWPSQGTJK-TWELXNIESA-N,1,3
CMP:HDEPBBATNLJTLO-UHFFFAOYSA-N,HDEPBBATNLJTLO-UHFFFAOYSA-N,1,3
CMP:HDTIFOGXOGLRCB-MDZDMXLPSA-N,HDTIFOGXOGLRCB-MDZDMXLPSA-N,0,2
CMP:HEDRZPFGACZZDS-UHFFFAOYSA-N,HEDRZPFGACZZDS-UHFFFAOYSA-N,0,2
CMP:HFACYLZERDEVSX-UHFFFAOYSA-N,HFACYLZERDEVSX-UHFFFAOYSA-N,1,3
CMP:HFZWRUODUSTPEG-UHFFFAOYSA-N,HFZWRUODUSTPEG-UHFFFAOYSA-N,0,1
CMP:HGINCPLSRVDWNT-UHFFFAOYSA-N,HGINCPLSRVDWNT-UHFFFAOYSA-N,0,0
CMP:HGUFODBRKLSHSI-UHFFFAOYSA-N,HGUFODBRKLSHSI-UHFFFAOYSA-N,1,2
CMP:HGZHAINHFBFXIU-UHFFFAOYSA-N,HGZHAINHFBFXIU-UHFFFAOYSA-N,0,2
CMP:HJOVHMDZYOCNQW-UHFFFAOYSA-N,HJOVHMDZYOCNQW-UHFFFAOYSA-N,0,1
CMP:HKGJFHDHCGYJAM-UHFFFAOYSA-N,HKGJFHDHCGYJAM-UHFFFAOYSA-N,1,4
CMP:HKJKONMZMPUGHJ-UHFFFAOYSA-N,HKJKONMZMPUGHJ-UHFFFAOYSA-N,0,3
CMP:HKOOXMFOFWEVGF-UHFFFAOYSA-N,HKOOXMFOFWEVGF-UHFFFAOYSA-N,0,1
CMP:HLBLWEWZXPIGSM-UHFFFAOYSA-N,HLBLWEWZXPIGSM-UHFFFAOYSA-N,1,0
CMP:HMBBJSKXDBUNNT-UHFFFAOYSA-N,HMBBJSKXDBUNNT-UHFFFAOYSA-N,1,2
CMP:HMUODERFGQSGSR-UHFFFAOYSA-N,HMUODERFGQSGSR-UHFFFAOYSA-N,0,4
CMP:HNURKXXMYARGAY-UHFFFAOYSA-N,HNURKXXMYARGAY-UHFFFAOYSA-N,0,2
CMP:HOEFWOBLOGZQIQ-UHFFFAOYSA-N,HOEFWOBLOGZQIQ-UHFFFAOYSA-N,1,4
CMP:HPDHKHMHQGCNPE-QLJRNOHWSA-N,HPDHKHMHQGCNPE-QLJRNOHWSA-N,1,2
CMP:HPFHYRNETZEPIV-UHFFFAOYSA-N,HPFHYRNETZEPIV-UHFFFAOYSA-N,0,4
CMP:HQHACWYQWDKBOZ-UHFFFAOYSA-N,HQHACWYQWDKBOZ-UHFFFAOYSA-N,1,1
CMP:HQUQLFOMPYWACS-UHFFFAOYSA-N,HQUQLFOMPYWACS-UHFFFAOYSA-N,1,0
CMP:HRPVXLWXLXDGHG-UHFFFAOYSA-N,HRPVXLWXLXDGHG-UHFFFAOYSA-N,1,1
CMP:HRYZWHHZPQKTII-UHFFFAOYSA-N,HRYZWHHZPQKTII-UHFFFAOYSA-N,1,4
CMP:HSXKWKJCZNRMJO-UHFFFAOYSA-N,HSXKWKJCZNRMJO-UHFFFAOYSA-N,0,2
CMP:HTRVALPKPVGOSZ-UHFFFAOYSA-N,HTRVALPKPVGOSZ-UHFFFAOYSA-N,1,0
CMP:HTWGDSKVENTDTB-UHFFFAOYSA-N,HTWGDSKVENTDTB-UHFFFAOYSA-N,1,2
CMP:HUMNYLRZRPPJDN-UHFFFAOYSA-N,HUMNYLRZRPPJDN-UHFFFAOYSA-N,0,1
CMP:HWGBHCRJGXAGEU-UHFFFAOYSA-N,HWGBHCRJGXAGEU-UHFFFAOYSA-N,1,2
CMP:HXIQYSLFEXIOAV-UHFFFAOYSA-N,HXIQYSLFEXIOAV-UHFFFAOYSA-N,0,3
CMP:HXKCUQDTMDYZJD-UHFFFAOYSA-N,HXKCUQDTMDYZJD-UHFFFAOYSA-N,0,0
CMP:IAKOZHOLGAGEJT-UHFFFAOYSA-N,IAKOZHOLGAGEJT-UHFFFAOYSA-N,0,1
CMP:IAOZJIPTCAWIRG-QWRGUYRKSA-N,IAOZJIPTCAWIRG-QWRGUYRKSA-N,0,2
CMP:IAYPIBMASNFSPL-UHFFFAOYSA-N,IAYPIBMASNFSPL-UHFFFAOYSA-N,1,1
CMP:IBOFVQJTBBUKMU-UHFFFAOYSA-N,IBOFVQJTBBUKMU-UHFFFAOYSA-N,1,4
CMP:IBXPYPUJPLLOIN-UHFFFAOYSA-N,IBXPYPUJPLLOIN-UHFFFAOYSA-N,1,4
CMP:ICMGLRUYEQNHPF-UHFFFAOYSA-N,ICMGLRUYEQNHPF-UHFFFAOYSA-N,0,2
CMP:ICNFHJVPAJKPHW-UHFFFAOYSA-N,ICNFHJVPAJKPHW-UHFFFAOYSA-N,1,2
CMP:IDFLGSYEBJNWMK-UHFFFAOYSA-N,IDFLGSYEBJNWMK-UHFFFAOYSA-N,1,2
CMP:IDIMIWQPUHURPV-WTWIWYCDSA-N,IDIMIWQPUHURPV-WTWIWYCDSA-N,1,0
CMP:IEPRKVQEAMIZSS-WAYWQWQTSA-N,IEPRKVQEAMIZSS-WAYWQWQTSA-N,0,1
CMP:IFXSWTIWFGIXQO-AOOOYVTPSA-N,IFXSWTIWFGIXQO-AOOOYVTPSA-N,1,1
CMP:IHTUGUQGWPOOJG-SOFGYWHQSA-N,IHTUGUQGWPOOJG-SOFGYWHQSA-N,1,1
CMP:IISBACLAFKSPIT-UHFFFAOYSA-N,IISBACLAFKSPIT-UHFFFAOYSA-N,0,0
CMP:IJOCQJGYYDLLAT-UHFFFAOYSA-N,IJOCQJGYYDLLAT-UHFFFAOYSA-N,1,2
CMP:IKGXIBQEEMLURG-NVPNHPEKSA-N,IKGXIBQEEMLURG-NVPNHPEKSA-N,0,1
CMP:IKHGUXGNUITLKF-UHFFFAOYSA-N,IKHGUXGNUITLKF-UHFFFAOYSA-N,1,3
CMP:ILGJVPVZCNNBKI-UHFFFAOYSA-N,ILGJVPVZCNNBKI-UHFFFAOYSA-N,0,0
CMP:IMACFCSSMIZSPP-UHFFFAOYSA-N,IMACFCSSMIZSPP-UHFFFAOYSA-N,0,0
CMP:IMHBYKMAHXWHRP-UHFFFAOYSA-N,IMHBYKMAHXWHRP-UHFFFAOYSA-N,0,3
CMP:IMSSROKUHAOUJS-MJCUULBUSA-N,IMSSROKUHAOUJS-MJCUULBUSA-N,0,0
CMP:INLLPKCGLOXCIV-UHFFFAOYSA-N,INLLPKCGLOXCIV-UHFFFAOYSA-N,1,0
CMP:IOEPXYJOHIZYGQ-UHFFFAOYSA-N,IOEPXYJOHIZYGQ-UHFFFAOYSA-N,0,2
CMP:IOOMXAQUNPWDLL-UHFFFAOYSA-N,IOOMXAQUNPWDLL-UHFFFAOYSA-N,0,4
CMP:IPEHBUMCGVEMRF-UHFFFAOYSA-N,IPEHBUMCGVEMRF-UHFFFAOYSA-N,0,0
CMP:IRIAEXORFWYRCZ-UHFFFAOYSA-N,IRIAEXORFWYRCZ-UHFFFAOYSA-N,0,3
CMP:ISAKRJDGNUQOIC-UHFFFAOYSA-N,ISAKRJDGNUQOIC-UHFFFAOYSA-N,1,2
CMP:ISAOCJYIOMOJEB-UHFFFAOYSA-N,ISAOCJYIOMOJEB-UHFFFAOYSA-N,0,4
CMP:ISWSIDIOOBJBQZ-UHFFFAOYSA-N,ISWSIDIOOBJBQZ-UHFFFAOYSA-N,0,0
CMP:IVEXWRHLJIZLHF-UHFFFAOYSA-N,IVEXWRHLJIZLHF-UHFFFAOYSA-N,1,2
CMP:IWWWBRIIGAXLCJ-UHFFFAOYSA-N,IWWWBRIIGAXLCJ-UHFFFAOYSA-N,0,3
CMP:IWYRWIUNAVNFPE-UHFFFAOYSA-N,IWYRWIUNAVNFPE-UHFFFAOYSA-N,0,2
CMP:IXORZMNAPKEEDV-OBDJNFEBSA-N,IXORZMNAPKEEDV-OBDJNFEBSA-N,0,4
CMP:IYRMWMYZSQPJKC-UHFFFAOYSA-N,IYRMWMYZSQPJKC-UHFFFAOYSA-N,0,0
CMP:IZJDOKYDEWTZSO-UHFFFAOYSA-N,IZJDOKYDEWTZSO-UHFFFAOYSA-N,0,1
CMP:IZPWYVQTUVBMCO-UHFFFAOYSA-N,IZPWYVQTUVBMCO-UHFFFAOYSA-N,1,0
CMP:JBKVHLHDHHXQEQ-UHFFFAOYSA-N,JBKVHLHDHHXQEQ-UHFFFAOYSA-N,0,0
CMP:JCKYGMPEJWAADB-UHFFFAOYSA-N,JCKYGMPEJWAADB-UHFFFAOYSA-N,1,0
CMP:JCYPECIVGRXBMO-FOCLMDBBSA-N,JCYPECIVGRXBMO-FOCLMDBBSA-N,1,1
CMP:JFIOVJDNOJYLKP-UHFFFAOYSA-N,JFIOVJDNOJYLKP-UHFFFAOYSA-N,0,0
CMP:JIGUQPWFLRLWPJ-UHFFFAOYSA-N,JIGUQPWFLRLWPJ-UHFFFAOYSA-N,0,4
CMP:JIWAGFGPBKDFQN-UHFFFAOYSA-N,JIWAGFGPBKDFQN-UHFFFAOYSA-N,1,4
CMP:JJNZXLAFIPKXIG-UHFFFAOYSA-N,JJNZXLAFIPKXIG-UHFFFAOYSA-N,0,3
CMP:JLBJTVDPSNHSKJ-UHFFFAOYSA-N,JLBJTVDPSNHSKJ-UHFFFAOYSA-N,0,0
CMP:JLPULHDHAOZNQI-ZTIMHPMXSA-N,JLPULHDHAOZNQI-ZTIMHPMXSA-N,0,4
CMP:JLRGJRBPOGGCBT-UHFFFAOYSA-N,JLRGJRBPOGGCBT-UHFFFAOYSA-N,0,2
CMP:JLTDJTHDQAWBAV-UHFFFAOYSA-N,JLTDJTHDQAWBAV-UHFFFAOYSA-N,0,0
CMP:JLYXXMFPNIAWKQ-UHFFFAOYSA-N,JLYXXMFPNIAWKQ-UHFFFAOYSA-N,0,1
CMP:JMEVHYCNAPFOAB-UHFFFAOYSA-N,JMEVHYCNAPFOAB-UHFFFAOYSA-N,0,4
CMP:JNTNNUXPPZAEFD-UHFFFAOYSA-N,JNTNNUXPPZAEFD-UHFFFAOYSA-N,1,0
CMP:JNVGBRQYZHTBTP-UHFFFAOYSA-N,JNVGBRQYZHTBTP-UHFFFAOYSA-N,0,4
CMP:JOATXPAWOHTVSZ-UHFFFAOYSA-N,JOATXPAWOHTVSZ-UHFFFAOYSA-N,0,0
CMP:JORMZLCKCZMVJM-UHFFFAOYSA-N,JORMZLCKCZMVJM-UHFFFAOYSA-N,1,2
CMP:JOYRKODLDBILNP-UHFFFAOYSA-N,JOYRKODLDBILNP-UHFFFAOYSA-N,1,1
CMP:JPBFRFFNPXMVOJ-SNAWJCMRSA-N,JPBFRFFNPXMVOJ-SNAWJCMRSA-N,1,0
CMP:JPGQOUSTVILISH-UHFFFAOYSA-N,JPGQOUSTVILISH-UHFFFAOYSA-N,0,4
CMP:JQPBCNVLZQUNCT-UHFFFAOYSA-N,JQPBCNVLZQUNCT-UHFFFAOYSA-N,1,2
CMP:JQUKCPUPFALELS-UHFFFAOYSA-N,JQUKCPUPFALELS-UHFFFAOYSA-N,1,2
CMP:JQXXHWHPUNPDRT-ISGDJQTPSA-N,JQXXHWHPUNPDRT-ISGDJQTPSA-N,0,4
CMP:JRLTTZUODKEYDH-UHFFFAOYSA-N,JRLTTZUODKEYDH-UHFFFAOYSA-N,0,0
CMP:JSFUMBWFPQSADC-UHFFFAOYSA-N,JSFUMBWFPQSADC-UHFFFAOYSA-N,1,0
CMP:JSPJZBZNGPDBLH-UHFFFAOYSA-N,JSPJZBZNGPDBLH-UHFFFAOYSA-N,1,3
CMP:JSZOAYXJRCEYSX-UHFFFAOYSA-N,JSZOAYXJRCEYSX-UHFFFAOYSA-N,0,0
CMP:JTIGKVIOEQASGT-UHFFFAOYSA-N,JTIGKVIOEQASGT-UHFFFAOYSA-N,0,4
CMP:JUJWROOIHBZHMG-UHFFFAOYSA-N,JUJWROOIHBZHMG-UHFFFAOYSA-N,1,0
CMP:JUVIOZPCNVVQFO-HBGVWJBISA-N,JUVIOZPCNVVQFO-HBGVWJBISA-N,0,1
CMP:JUZXDNPBRPUIOR-UHFFFAOYSA-N,JUZXDNPBRPUIOR-UHFFFAOYSA-N,0,0
CMP:JWFMCQPAQYKFDP-UHFFFAOYSA-N,JWFMCQPAQYKFDP-UHFFFAOYSA-N,1,2
CMP:JWOWJQPAYGEFFK-UHFFFAOYSA-N,JWOWJQPAYGEFFK-UHFFFAOYSA-N,1,2
CMP:JXDKCTHGAOIBAD-UHFFFAOYSA-N,JXDKCTHGAOIBAD-UHFFFAOYSA-N,0,1
CMP:JXLYSJRDGCGARV-CFWMRBGOSA-N,JXLYSJRDGCGARV-CFWMRBGOSA-N,0,4
CMP:JXSJBGJIGXNWCI-UHFFFAOYSA-N,JXSJBGJIGXNWCI-UHFFFAOYSA-N,0,1
CMP:JXTHNDFMNIQAHM-UHFFFAOYSA-N,JXTHNDFMNIQAHM-UHFFFAOYSA-N,1,3
CMP:JYCWIWQCLCVCDK-UHFFFAOYSA-N,JYCWIWQCLCVCDK-UHFFFAOYSA-N,1,4
CMP:JYGXADMDTFJGBT-VWUMJDOOSA-N,JYGXADMDTFJGBT-VWUMJDOOSA-N,0,1
CMP:JZHGRUMIRATHIU-UHFFFAOYSA-N,JZHGRUMIRATHIU-UHFFFAOYSA-N,0,1
CMP:JZUFKLXOESDKRF-UHFFFAOYSA-N,JZUFKLXOESDKRF-UHFFFAOYSA-N,0,2
CMP:KAJICSGLHKRDLN-UHFFFAOYSA-N,KAJICSGLHKRDLN-UHFFFAOYSA-N,0,1
CMP:KAKZBPTYRLMSJV-UHFFFAOYSA-N,KAKZBPTYRLMSJV-UHFFFAOYSA-N,1,0
CMP:KCOYHFNCTWXETP-UHFFFAOYSA-N,KCOYHFNCTWXETP-UHFFFAOYSA-N,0,1
CMP:KCXMKQUNVWSEMD-UHFFFAOYSA-N,KCXMKQUNVWSEMD-UHFFFAOYSA-N,1,0
CMP:KCXVZYZYPLLWCC-UHFFFAOYSA-N,KCXVZYZYPLLWCC-UHFFFAOYSA-N,0,3
CMP:KDYFGRWQOYBRFD-UHFFFAOYSA-N,KDYFGRWQOYBRFD-UHFFFAOYSA-N,0,3
CMP:KDYQVUUCWUPJGE-UHFFFAOYSA-N,KDYQVUUCWUPJGE-UHFFFAOYSA-N,0,2
CMP:KEQFTVQCIQJIQW-UHFFFAOYSA-N,KEQFTVQCIQJIQW-UHFFFAOYSA-N,0,3
CMP:KEYWXKLGZZGHMT-UHFFFAOYSA-N,KEYWXKLGZZGHMT-UHFFFAOYSA-N,0,2
CMP:KFDNXHKRTQRVGV-UHFFFAOYSA-N,KFDNXHKRTQRVGV-UHFFFAOYSA-N,1,3
CMP:KFZMGEQAYNKOFK-UHFFFAOYSA-N,KFZMGEQAYNKOFK-UHFFFAOYSA-N,0,4
CMP:KGRVJHAUYBGFFP-UHFFFAOYSA-N,KGRVJHAUYBGFFP-UHFFFAOYSA-N,0,1
CMP:KGVQFUIYBAPYSK-UHFFFAOYSA-N,KGVQFUIYBAPYSK-UHFFFAOYSA-N,1,1
CMP:KIUHZRUPPGAVPY-UHFFFAOYSA-N,KIUHZRUPPGAVPY-UHFFFAOYSA-N,1,4
CMP:KIZIRROTJQVUGJ-UHFFFAOYSA-N,KIZIRROTJQVUGJ-UHFFFAOYSA-N,1,4
CMP:KJPRLNWUNMBNBZ-QPJJXVBHSA-N,KJPRLNWUNMBNBZ-QPJJXVBHSA-N,0,3
CMP:KNKRKFALVUDBJE-UHFFFAOYSA-N,KNKRKFALVUDBJE-UHFFFAOYSA-N,0,0
CMP:KNRMJISYMHRPTH-UHFFFAOYSA-N,KNRMJISYMHRPTH-UHFFFAOYSA-N,1,1
CMP:KOURBVJNDMXAMA-UHFFFAOYSA-N,KOURBVJNDMXAMA-UHFFFAOYSA-N,1,2
CMP:KPSRODZRAIWAKH-UHFFFAOYSA-N,KPSRODZRAIWAKH-UHFFFAOYSA-N,1,4
CMP:KQIKKETXZQDHGE-UHFFFAOYSA-N,KQIKKETXZQDHGE-UHFFFAOYSA-N,0,2
CMP:KRKNYBCHXYNGOX-UHFFFAOYSA-N,KRKNYBCHXYNGOX-UHFFFAOYSA-N,0,1
CMP:KSKPFCYLLBRSBQ-UHFFFAOYSA-N,KSKPFCYLLBRSBQ-UHFFFAOYSA-N,0,4
CMP:KSSLUCNXTYSFDY-WUKNDPDISA-N,KSSLUCNXTYSFDY-WUKNDPDISA-N,1,0
CMP:KTTAHABZUYACCH-UHFFFAOYSA-N,KTTAHABZUYACCH-UHFFFAOYSA-N,1,0
CMP:KTXUOWUHFLBZPW-UHFFFAOYSA-N,KTXUOWUHFLBZPW-UHFFFAOYSA-N,1,1
CMP:KUAZQDVKQLNFPE-UHFFFAOYSA-N,KUAZQDVKQLNFPE-UHFFFAOYSA-N,0,3
CMP:KUXGUCNZFCVULO-UHFFFAOYSA-N,KUXGUCNZFCVULO-UHFFFAOYSA-N,0,3
CMP:KWISWUFGPUHDRY-UHFFFAOYSA-N,KWISWUFGPUHDRY-UHFFFAOYSA-N,1,0
CMP:KXPLUKKFTHWPIA-UHFFFAOYSA-N,KXPLUKKFTHWPIA-UHFFFAOYSA-N,0,1
CMP:KYGZCKSPAKDVKC-UHFFFAOYSA-N,KYGZCKSPAKDVKC-UHFFFAOYSA-N,1,0
CMP:KZAUOCCYDRDERY-UHFFFAOYSA-N,KZAUOCCYDRDERY-UHFFFAOYSA-N,0,2
CMP:KZQYIMCESJLPQH-UHFFFAOYSA-N,KZQYIMCESJLPQH-UHFFFAOYSA-N,0,1
CMP:LCCNCVORNKJIRZ-UHFFFAOYSA-N,LCCNCVORNKJIRZ-UHFFFAOYSA-N,0,2
CMP:LDKGEUAGEISBIX-UHFFFAOYSA-N,LDKGEUAGEISBIX-UHFFFAOYSA-N,1,1
CMP:LDLCZOVUSADOIV-UHFFFAOYSA-N,LDLCZOVUSADOIV-UHFFFAOYSA-N,1,0
CMP:LDRYOEIGQCIMEK-UHFFFAOYSA-N,LDRYOEIGQCIMEK-UHFFFAOYSA-N,0,1
CMP:LDYJXVUOVPVZKA-UHFFFAOYSA-N,LDYJXVUOVPVZKA-UHFFFAOYSA-N,0,0
CMP:LFHISGNCFUNFFM-UHFFFAOYSA-N,LFHISGNCFUNFFM-UHFFFAOYSA-N,0,1
CMP:LFQSCWFLJHTTHZ-UHFFFAOYSA-N,LFQSCWFLJHTTHZ-UHFFFAOYSA-N,0,2
CMP:LFTUYYPQNCJQGN-UHFFFAOYSA-N,LFTUYYPQNCJQGN-UHFFFAOYSA-N,0,2
CMP:LGRFSURHDFAFJT-UHFFFAOYSA-N,LGRFSURHDFAFJT-UHFFFAOYSA-N,0,0
CMP:LGXVIGDEPROXKC-UHFFFAOYSA-N,LGXVIGDEPROXKC-UHFFFAOYSA-N,0,4
CMP:LHRCREOYAASXPZ-UHFFFAOYSA-N,LHRCREOYAASXPZ-UHFFFAOYSA-N,1,4
CMP:LIAWQASKBFCRNR-UHFFFAOYSA-N,LIAWQASKBFCRNR-UHFFFAOYSA-N,1,3
CMP:LLROQAGEAVDYFP-MDZDMXLPSA-N,LLROQAGEAVDYFP-MDZDMXLPSA-N,1,4
CMP:LMBWSYZSUOEYSN-UHFFFAOYSA-N,LMBWSYZSUOEYSN-UHFFFAOYSA-N,0,1
CMP:LMIMSGCBKHFTDY-UHFFFAOYSA-N,LMIMSGCBKHFTDY-UHFFFAOYSA-N,1,3
CMP:LNOUMTOCQWMBOJ-UHFFFAOYSA-N,LNOUMTOCQWMBOJ-UHFFFAOYSA-N,0,1
CMP:LNTHITQWFMADLM-UHFFFAOYSA-N,LNTHITQWFMADLM-UHFFFAOYSA-N,0,1
CMP:LNXOGILCIQPLRX-UHFFFAOYSA-N,LNXOGILCIQPLRX-UHFFFAOYSA-N,1,4
CMP:LOVDWMTZZYUFMA-UHFFFAOYSA-N,LOVDWMTZZYUFMA-UHFFFAOYSA-N,0,2
CMP:LPYUENQFPVNPHY-UHFFFAOYSA-N,LPYUENQFPVNPHY-UHFFFAOYSA-N,1,1
CMP:LPYXWGMUVRGUOY-REOHCLBHSA-N,LPYXWGMUVRGUOY-REOHCLBHSA-N,0,0
CMP:LPYXWGMUVRGUOY-UWTATZPHSA-N,LPYXWGMUVRGUOY-UWTATZPHSA-N,0,4
CMP:LQKRYVGRPXFFAV-UHFFFAOYSA-N,LQKRYVGRPXFFAV-UHFFFAOYSA-N,0,4
CMP:LQNUZADURLCDLV-UHFFFAOYSA-N,LQNUZADURLCDLV-UHFFFAOYSA-N,1,3
CMP:LRBQNJMCXXYXIU-QWKBTXIPSA-N,LRBQNJMCXXYXIU-QWKBTXIPSA-N,0,3
CMP:LRWHHSXTGZSMSN-UHFFFAOYSA-N,LRWHHSXTGZSMSN-UHFFFAOYSA-N,0,1
CMP:LSLCMDFPNJQMJN-UHFFFAOYSA-N,LSLCMDFPNJQMJN-UHFFFAOYSA-N,1,4
CMP:LSWOCDLIYSKTRX-UHFFFAOYSA-N,LSWOCDLIYSKTRX-UHFFFAOYSA-N,1,0
CMP:LSWYGACWGAICNM-UHFFFAOYSA-N,LSWYGACWGAICNM-UHFFFAOYSA-N,0,3
CMP:LTINPJMVDKPJJI-UHFFFAOYSA-N,LTINPJMVDKPJJI-UHFFFAOYSA-N,0,3
CMP:LUMLZKVIXLWTCI-IHWYPQMZSA-N,LUMLZKVIXLWTCI-IHWYPQMZSA-N,0,3
CMP:LUQHAHRMUPOTQK-UHFFFAOYSA-N,LUQHAHRMUPOTQK-UHFFFAOYSA-N,0,3
CMP:LUSZGTFNYDARNI-UHFFFAOYSA-N,LUSZGTFNYDARNI-UHFFFAOYSA-N,1,0
CMP:LUYISICIYVKBTA-UHFFFAOYSA-N,LUYISICIYVKBTA-UHFFFAOYSA-N,0,4
CMP:LVLANIHJQRZTPY-UHFFFAOYSA-N,LVLANIHJQRZTPY-UHFFFAOYSA-N,1,0
CMP:LVTFSVIRYMXRSR-WUKNDPDISA-N,LVTFSVIRYMXRSR-WUKNDPDISA-N,1,3
CMP:LVTYICIALWPMFW-UHFFFAOYSA-N,LVTYICIALWPMFW-UHFFFAOYSA-N,0,3
CMP:LWICCBMIAPTSTO-UHFFFAOYSA-N,LWICCBMIAPTSTO-UHFFFAOYSA-N,1,1
CMP:LXBGSDVWAMZHDD-UHFFFAOYSA-N,LXBGSDVWAMZHDD-UHFFFAOYSA-N,1,3
CMP:LYAHJFZLDZDIOH-UHFFFAOYSA-N,LYAHJFZLDZDIOH-UHFFFAOYSA-N,1,2
CMP:LYCAIKOWRPUZTN-UHFFFAOYSA-N,LYCAIKOWRPUZTN-UHFFFAOYSA-N,0,4
CMP:LYVDQJOFFUOJJT-UHFFFAOYSA-N,LYVDQJOFFUOJJT-UHFFFAOYSA-N,1,4
CMP:LZCJYKSOIZQABU-UHFFFAOYSA-N,LZCJYKSOIZQABU-UHFFFAOYSA-N,0,4
CMP:LZCQFJKUAIWHRW-UHFFFAOYSA-N,LZCQFJKUAIWHRW-UHFFFAOYSA-N,1,0
CMP:MATYBIXNDNXYMI-UHFFFAOYSA-N,MATYBIXNDNXYMI-UHFFFAOYSA-N,1,3
CMP:MBDNRNMVTZADMQ-UHFFFAOYSA-N,MBDNRNMVTZADMQ-UHFFFAOYSA-N,0,3
CMP:MCJGNVYPOGVAJF-UHFFFAOYSA-N,MCJGNVYPOGVAJF-UHFFFAOYSA-N,0,2
CMP:MCSAJNNLRCFZED-UHFFFAOYSA-N,MCSAJNNLRCFZED-UHFFFAOYSA-N,0,0
CMP:MCWXGJITAZMZEV-UHFFFAOYSA-N,MCWXGJITAZMZEV-UHFFFAOYSA-N,0,1
CMP:MDACSTFMCAQQET-UHFFFAOYSA-N,MDACSTFMCAQQET-UHFFFAOYSA-N,1,4
CMP:MHKLKWCYGIBEQF-UHFFFAOYSA-N,MHKLKWCYGIBEQF-UHFFFAOYSA-N,0,1
CMP:MIJJGTDCQRHTPM-PLNGDYQASA-N,MIJJGTDCQRHTPM-PLNGDYQASA-N,1,0
CMP:MIWUTEVJIISHCP-UHFFFAOYSA-N,MIWUTEVJIISHCP-UHFFFAOYSA-N,0,3
CMP:MKQWTWSXVILIKJ-LXGUWJNJSA-N,MKQWTWSXVILIKJ-LXGUWJNJSA-N,1,4
CMP:MLGCXEBRWGEOQX-UHFFFAOYSA-N,MLGCXEBRWGEOQX-UHFFFAOYSA-N,0,2
CMP:MLUCVPSAIODCQM-NSCUHMNNSA-N,MLUCVPSAIODCQM-NSCUHMNNSA-N,1,1
CMP:MLVVTNIFHMERMU-UHFFFAOYSA-N,MLVVTNIFHMERMU-UHFFFAOYSA-N,0,2
CMP:MMOXZBCLCQITDF-UHFFFAOYSA-N,MMOXZBCLCQITDF-UHFFFAOYSA-N,0,2
CMP:MNIGYIKCFSPQRJ-UHFFFAOYSA-N,MNIGYIKCFSPQRJ-UHFFFAOYSA-N,1,2
CMP:MOGASTIXMIUDMK-UHFFFAOYSA-N,MOGASTIXMIUDMK-UHFFFAOYSA-N,1,1
CMP:MOMKQYRYLQUFMV-UHFFFAOYSA-N,MOMKQYRYLQUFMV-UHFFFAOYSA-N,1,2
CMP:MPIROZKBCRIFBH-UHFFFAOYSA-N,MPIROZKBCRIFBH-UHFFFAOYSA-N,1,3
CMP:MPKIJEUTPZPJFP-UHFFFAOYSA-N,MPKIJEUTPZPJFP-UHFFFAOYSA-N,1,3
CMP:MPVDXIMFBOLMNW-UHFFFAOYSA-N,MPVDXIMFBOLMNW-UHFFFAOYSA-N,0,0
CMP:MRBKEAMVRSLQPH-UHFFFAOYSA-N,MRBKEAMVRSLQPH-UHFFFAOYSA-N,1,1
CMP:MROJXXOCABQVEF-UHFFFAOYSA-N,MROJXXOCABQVEF-UHFFFAOYSA-N,0,1
CMP:MVGSNCBCUWPVDA-UHFFFAOYSA-N,MVGSNCBCUWPVDA-UHFFFAOYSA-N,0,0
CMP:MVPPADPHJFYWMZ-UHFFFAOYSA-N,MVPPADPHJFYWMZ-UHFFFAOYSA-N,0,2
CMP:MVWPTZQHBOWRTF-SMLWLWDZSA-N,MVWPTZQHBOWRTF-SMLWLWDZSA-N,1,4
CMP:MWJSMPQOVHQYTE-UHFFFAOYSA-N,MWJSMPQOVHQYTE-UHFFFAOYSA-N,1,0
CMP:MWQCHHACWWAQLJ-UHFFFAOYSA-N,MWQCHHACWWAQLJ-UHFFFAOYSA-N,0,0
CMP:MWRWFPQBGSZWNV-UHFFFAOYSA-N,MWRWFPQBGSZWNV-UHFFFAOYSA-N,0,3
CMP:MWYHLEQJTQJHSS-UHFFFAOYSA-N,MWYHLEQJTQJHSS-UHFFFAOYSA-N,1,4
CMP:MXWJVTOOROXGIU-UHFFFAOYSA-N,MXWJVTOOROXGIU-UHFFFAOYSA-N,0,3
CMP:MYEIDJPOUKASEC-UHFFFAOYSA-N,MYEIDJPOUKASEC-UHFFFAOYSA-N,1,0
CMP:MZHCENGPTKEIGP-UHFFFAOYSA-N,MZHCENGPTKEIGP-UHFFFAOYSA-N,0,4
CMP:NALFRYPTRXKZPN-UHFFFAOYSA-N,NALFRYPTRXKZPN-UHFFFAOYSA-N,0,1
CMP:NALZTFARIYUCBY-UHFFFAOYSA-N,NALZTFARIYUCBY-UHFFFAOYSA-N,0,1
CMP:NAYYNDKKHOIIOD-UHFFFAOYSA-N,NAYYNDKKHOIIOD-UHFFFAOYSA-N,0,1
CMP:NBFMTHWVRBOVPE-UHFFFAOYSA-N,NBFMTHWVRBOVPE-UHFFFAOYSA-N,0,3
CMP:NBZBKCUXIYYUSX-UHFFFAOYSA-N,NBZBKCUXIYYUSX-UHFFFAOYSA-N,0,1
CMP:NCKMMSIFQUPKCK-UHFFFAOYSA-N,NCKMMSIFQUPKCK-UHFFFAOYSA-N,0,2
CMP:NCXMLFZGDNKEPB-BFDQZDGFSA-N,NCXMLFZGDNKEPB-BFDQZDGFSA-N,0,0
CMP:NDAUXUAQIAJITI-UHFFFAOYSA-N,NDAUXUAQIAJITI-UHFFFAOYSA-N,1,4
CMP:NEBPTMCRLHKPOB-UHFFFAOYSA-N,NEBPTMCRLHKPOB-UHFFFAOYSA-N,0,3
CMP:NEHWGXHBNGZJNY-PTNGSMBKSA-N,NEHWGXHBNGZJNY-PTNGSMBKSA-N,1,0
CMP:NFBOHOGPQUYFRF-UHFFFAOYSA-N,NFBOHOGPQUYFRF-UHFFFAOYSA-N,0,1
CMP:NGHTXZCKLWZPGK-UHFFFAOYSA-N,NGHTXZCKLWZPGK-UHFFFAOYSA-N,0,0
CMP:NHUHCSRWZMLRLA-UHFFFAOYSA-N,NHUHCSRWZMLRLA-UHFFFAOYSA-N,0,0
CMP:NIOPZPCMRQGZCE-UHFFFAOYSA-N,NIOPZPCMRQGZCE-UHFFFAOYSA-N,0,4
CMP:NIPDVSLAMPAWTP-UHFFFAOYSA-N,NIPDVSLAMPAWTP-UHFFFAOYSA-N,1,3
CMP:NIRHEGBBHNJANV-UHFFFAOYSA-N,NIRHEGBBHNJANV-UHFFFAOYSA-N,0,1
CMP:NIXOWILDQLNWCW-UHFFFAOYSA-N,NIXOWILDQLNWCW-UHFFFAOYSA-N,0,4
CMP:NLHHRLWOUZZQLW-UHFFFAOYSA-N,NLHHRLWOUZZQLW-UHFFFAOYSA-N,1,3
CMP:NLJASJZSFGKTQT-UHFFFAOYSA-N,NLJASJZSFGKTQT-UHFFFAOYSA-N,1,4
CMP:NLZUEZXRPGMBCV-UHFFFAOYSA-N,NLZUEZXRPGMBCV-UHFFFAOYSA-N,0,2
CMP:NMLIDGSGENKDLB-UHFFFAOYSA-N,NMLIDGSGENKDLB-UHFFFAOYSA-N,1,4
CMP:NMPVEAUIHMEAQP-UHFFFAOYSA-N,NMPVEAUIHMEAQP-UHFFFAOYSA-N,0,2
CMP:NMUSYJAQQFHJEW-KVTDHHQDSA-N,NMUSYJAQQFHJEW-KVTDHHQDSA-N,1,1
CMP:NNJPGOLRFBJNIW-HNNXBMFYSA-N,NNJPGOLRFBJNIW-HNNXBMFYSA-N,0,1
CMP:NNYBQONXHNTVIJ-UHFFFAOYSA-N,NNYBQONXHNTVIJ-UHFFFAOYSA-N,0,2
CMP:NOLAXNLVEYHWHM-FPLPWBNLSA-N,NOLAXNLVEYHWHM-FPLPWBNLSA-N,1,3
CMP:NOMAVCLLBXUQRD-UHFFFAOYSA-N,NOMAVCLLBXUQRD-UHFFFAOYSA-N,1,0
CMP:NOOLISFMXDJSKH-UHFFFAOYSA-N,NOOLISFMXDJSKH-UHFFFAOYSA-N,0,4
CMP:NOWKCMXCCJGMRR-UHFFFAOYSA-N,NOWKCMXCCJGMRR-UHFFFAOYSA-N,1,2
CMP:NQQVFXUMIDALNH-UHFFFAOYSA-N,NQQVFXUMIDALNH-UHFFFAOYSA-N,0,1
CMP:NTUQAPWIPIIWLT-UHFFFAOYSA-N,NTUQAPWIPIIWLT-UHFFFAOYSA-N,1,1
CMP:NUFNQYOELLVIPL-UHFFFAOYSA-N,NUFNQYOELLVIPL-UHFFFAOYSA-N,1,4
CMP:NYPJDWWKZLNGGM-UHFFFAOYSA-N,NYPJDWWKZLNGGM-UHFFFAOYSA-N,0,3
CMP:NYTOUQBROMCLBJ-UHFFFAOYSA-N,NYTOUQBROMCLBJ-UHFFFAOYSA-N,1,2
CMP:OALHHIHQOFIMEF-UHFFFAOYSA-N,OALHHIHQOFIMEF-UHFFFAOYSA-N,0,1
CMP:ODCWYMIRDDJXKW-UHFFFAOYSA-N,ODCWYMIRDDJXKW-UHFFFAOYSA-N,0,3
CMP:OECTYKWYRCHAKR-UHFFFAOYSA-N,OECTYKWYRCHAKR-UHFFFAOYSA-N,0,3
CMP:OEJNXTAZZBRGDN-UHFFFAOYSA-N,OEJNXTAZZBRGDN-UHFFFAOYSA-N,1,1
CMP:OELWBYBVFOLSTA-UHFFFAOYSA-N,OELWBYBVFOLSTA-UHFFFAOYSA-N,1,2
CMP:OENHQHLEOONYIE-JLTXGRSLSA-N,OENHQHLEOONYIE-JLTXGRSLSA-N,0,1
CMP:OEYIOHPDSNJKLS-UHFFFAOYSA-N,OEYIOHPDSNJKLS-UHFFFAOYSA-N,0,3
CMP:OFLXLNCGODUUOT-UHFFFAOYSA-N,OFLXLNCGODUUOT-UHFFFAOYSA-N,1,4
CMP:OGRXKBUCZFFSTL-UHFFFAOYSA-N,OGRXKBUCZFFSTL-UHFFFAOYSA-N,1,4
CMP:OHDJGZUFFIQWCM-UHFFFAOYSA-N,OHDJGZUFFIQWCM-UHFFFAOYSA-N,1,3
CMP:OHJIOGJOUIOUTD-UHFFFAOYSA-N,OHJIOGJOUIOUTD-UHFFFAOYSA-N,0,0
CMP:OHMHBGPWCHTMQE-UHFFFAOYSA-N,OHMHBGPWCHTMQE-UHFFFAOYSA-N,1,4
CMP:OHXAOPZTJOUYKM-UHFFFAOYSA-N,OHXAOPZTJOUYKM-UHFFFAOYSA-N,1,3
CMP:OJLOPKGSLYJEMD-URPKTTJQSA-N,OJLOPKGSLYJEMD-URPKTTJQSA-N,0,1
CMP:OJYGBLRPYBAHRT-IPQSZEQASA-N,OJYGBLRPYBAHRT-IPQSZEQASA-N,0,2
CMP:OKJPEAGHQZHRQV-UHFFFAOYSA-N,OKJPEAGHQZHRQV-UHFFFAOYSA-N,0,2
CMP:OMDNEQQMLDYBTR-UHFFFAOYSA-N,OMDNEQQMLDYBTR-UHFFFAOYSA-N,1,3
CMP:OMPJBNCRMGITSC-UHFFFAOYSA-N,OMPJBNCRMGITSC-UHFFFAOYSA-N,0,0
CMP:ONKUMRGIYFNPJW-KIEAKMPYSA-N,ONKUMRGIYFNPJW-KIEAKMPYSA-N,0,3
CMP:ONWXNHPOAGOMTG-UHFFFAOYSA-N,ONWXNHPOAGOMTG-UHFFFAOYSA-N,0,1
CMP:OPNPQXLQERQBBV-UHFFFAOYSA-N,OPNPQXLQERQBBV-UHFFFAOYSA-N,0,1
CMP:OQIQSTLJSLGHID-WNWIJWBNSA-N,OQIQSTLJSLGHID-WNWIJWBNSA-N,1,3
CMP:OQQYJPVCDFFEIV-UHFFFAOYSA-N,OQQYJPVCDFFEIV-UHFFFAOYSA-N,1,3
CMP:OROGSEYTTFOCAN-DNJOTXNNSA-N,OROGSEYTTFOCAN-DNJOTXNNSA-N,0,2
CMP:OSFMMSIDSIQFIT-UHFFFAOYSA-N,OSFMMSIDSIQFIT-UHFFFAOYSA-N,1,0
CMP:OTLNPYWUJOZPPA-UHFFFAOYSA-N,OTLNPYWUJOZPPA-UHFFFAOYSA-N,0,2
CMP:OTVAEFIXJLOWRX-NXEZZACHSA-N,OTVAEFIXJLOWRX-NXEZZACHSA-N,0,4
CMP:OUDSBRTVNLOZBN-UHFFFAOYSA-N,OUDSBRTVNLOZBN-UHFFFAOYSA-N,0,2
CMP:OVSKIKFHRZPJSS-UHFFFAOYSA-N,OVSKIKFHRZPJSS-UHFFFAOYSA-N,0,3
CMP:OWDANLZJJOCPBK-UHFFFAOYSA-N,OWDANLZJJOCPBK-UHFFFAOYSA-N,1,1
CMP:OWGLVQAUSIPFBA-UHFFFAOYSA-N,OWGLVQAUSIPFBA-UHFFFAOYSA-N,1,0
CMP:OWXJKYNZGFSVRC-UHFFFAOYSA-N,OWXJKYNZGFSVRC-UHFFFAOYSA-N,1,3
CMP:OWZPCEFYPSAJFR-UHFFFAOYSA-N,OWZPCEFYPSAJFR-UHFFFAOYSA-N,0,2
CMP:OWZREIFADZCYQD-NSHGMRRFSA-N,OWZREIFADZCYQD-NSHGMRRFSA-N,0,3
CMP:OXOFHXPNTQSFHN-UHFFFAOYSA-N,OXOFHXPNTQSFHN-UHFFFAOYSA-N,0,3
CMP:OZFAFGSSMRRTDW-UHFFFAOYSA-N,OZFAFGSSMRRTDW-UHFFFAOYSA-N,0,1
CMP:OZQDLJNDRVBCST-SHUUEZRQSA-N,OZQDLJNDRVBCST-SHUUEZRQSA-N,0,4
CMP:OZSPQIXKOVJJGE-UHFFFAOYSA-N,OZSPQIXKOVJJGE-UHFFFAOYSA-N,1,4
CMP:PAAZPARNPHGIKF-UHFFFAOYSA-N,PAAZPARNPHGIKF-UHFFFAOYSA-N,1,1
CMP:PAFZNILMFXTMIY-UHFFFAOYSA-N,PAFZNILMFXTMIY-UHFFFAOYSA-N,0,2
CMP:PAYRUJLWNCNPSJ-UHFFFAOYSA-N,PAYRUJLWNCNPSJ-UHFFFAOYSA-N,0,4
CMP:PCBLZWZCGNKODY-UHFFFAOYSA-N,PCBLZWZCGNKODY-UHFFFAOYSA-N,1,1
CMP:PCEAPJVBSINMNW-UHFFFAOYSA-N,PCEAPJVBSINMNW-UHFFFAOYSA-N,0,2
CMP:PCNFLKVWBDNNOW-UHFFFAOYSA-N,PCNFLKVWBDNNOW-UHFFFAOYSA-N,0,1
CMP:PDQAZBWRQCGBEV-UHFFFAOYSA-N,PDQAZBWRQCGBEV-UHFFFAOYSA-N,1,0
CMP:PEDCQBHIVMGVHV-UHFFFAOYSA-N,PEDCQBHIVMGVHV-UHFFFAOYSA-N,0,4
CMP:PFEFOYRSMXVNEL-UHFFFAOYSA-N,PFEFOYRSMXVNEL-UHFFFAOYSA-N,0,2
CMP:PFRYFZZSECNQOL-UHFFFAOYSA-N,PFRYFZZSECNQOL-UHFFFAOYSA-N,1,0
CMP:PGLTVOMIXTUURA-UHFFFAOYSA-N,PGLTVOMIXTUURA-UHFFFAOYSA-N,0,3
CMP:PHNUZKMIPFFYSO-UHFFFAOYSA-N,PHNUZKMIPFFYSO-UHFFFAOYSA-N,1,4
CMP:PIVQQUNOTICCSA-UHFFFAOYSA-N,PIVQQUNOTICCSA-UHFFFAOYSA-N,0,3
CMP:PIWKPBJCKXDKJR-UHFFFAOYSA-N,PIWKPBJCKXDKJR-UHFFFAOYSA-N,0,4
CMP:PKLPQOJFHFGVBS-UHFFFAOYSA-N,PKLPQOJFHFGVBS-UHFFFAOYSA-N,0,3
CMP:PKYKNPLSFOKASK-UHFFFAOYSA-N,PKYKNPLSFOKASK-UHFFFAOYSA-N,0,4
CMP:PLAZTCDQAHEYBI-UHFFFAOYSA-N,PLAZTCDQAHEYBI-UHFFFAOYSA-N,1,0
CMP:PMATZTZNYRCHOR-CGLBZJNRSA-N,PMATZTZNYRCHOR-CGLBZJNRSA-N,0,3
CMP:PMBVHCCVEPYDSN-BADCMNFISA-N,PMBVHCCVEPYDSN-BADCMNFISA-N,1,3
CMP:PMRYVIKBURPHAH-UHFFFAOYSA-N,PMRYVIKBURPHAH-UHFFFAOYSA-N,1,2
CMP:PNENOUKIPPERMY-UHFFFAOYSA-N,PNENOUKIPPERMY-UHFFFAOYSA-N,0,3
CMP:PNVJTZOFSHSLTO-UHFFFAOYSA-N,PNVJTZOFSHSLTO-UHFFFAOYSA-N,0,1
CMP:POAOYUHQDCAZBD-UHFFFAOYSA-N,POAOYUHQDCAZBD-UHFFFAOYSA-N,0,1
CMP:PQYJRMFWJJONBO-UHFFFAOYSA-N,PQYJRMFWJJONBO-UHFFFAOYSA-N,1,0
CMP:PREXGTBZMLDXHV-UHFFFAOYSA-N,PREXGTBZMLDXHV-UHFFFAOYSA-N,1,4
CMP:PRPINYUDVPFIRX-UHFFFAOYSA-N,PRPINYUDVPFIRX-UHFFFAOYSA-N,0,4
CMP:PSWOBQSIXLVPDV-UHFFFAOYSA-N,PSWOBQSIXLVPDV-UHFFFAOYSA-N,1,4
CMP:PVNIIMVLHYAWGP-UHFFFAOYSA-N,PVNIIMVLHYAWGP-UHFFFAOYSA-N,0,3
CMP:PVTUERPXLWOPRX-RQSAQSMCSA-N,PVTUERPXLWOPRX-RQSAQSMCSA-N,0,3
CMP:PVVCHFOAZOVDRK-UHFFFAOYSA-N,PVVCHFOAZOVDRK-UHFFFAOYSA-N,1,4
CMP:PWKSKIMOESPYIA-BYPYZUCNSA-N,PWKSKIMOESPYIA-BYPYZUCNSA-N,0,4
CMP:PXBRQCKWGAHEHS-UHFFFAOYSA-N,PXBRQCKWGAHEHS-UHFFFAOYSA-N,0,3
CMP:PXSOHRWMIRDKMP-UHFFFAOYSA-N,PXSOHRWMIRDKMP-UHFFFAOYSA-N,1,2
CMP:PYGNVSDRIIPHQP-UHFFFAOYSA-N,PYGNVSDRIIPHQP-UHFFFAOYSA-N,1,3
CMP:QAIPRVGONGVQAS-UHFFFAOYSA-N,QAIPRVGONGVQAS-UHFFFAOYSA-N,1,2
CMP:QBPFLULOKWLNNW-UHFFFAOYSA-N,QBPFLULOKWLNNW-UHFFFAOYSA-N,1,2
CMP:QBYJBZPUGVGKQQ-SJJAEHHWSA-N,QBYJBZPUGVGKQQ-SJJAEHHWSA-N,0,2
CMP:QCHFTSOMWOSFHM-WPRPVWTQSA-N,QCHFTSOMWOSFHM-WPRPVWTQSA-N,0,3
CMP:QEQYAQFYVFRGQD-YFKPBYRVSA-N,QEQYAQFYVFRGQD-YFKPBYRVSA-N,1,0
CMP:QFMDFTQOJHFVNR-UHFFFAOYSA-N,QFMDFTQOJHFVNR-UHFFFAOYSA-N,0,1
CMP:QFOHBWFCKVYLES-UHFFFAOYSA-N,QFOHBWFCKVYLES-UHFFFAOYSA-N,0,1
CMP:QGBSISYHAICWAH-UHFFFAOYSA-N,QGBSISYHAICWAH-UHFFFAOYSA-N,0,1
CMP:QGLZXHRNAYXIBU-UHFFFAOYSA-N,QGLZXHRNAYXIBU-UHFFFAOYSA-N,0,2
CMP:QGQUHXSBTSDAML-ULCNYCTPSA-N,QGQUHXSBTSDAML-ULCNYCTPSA-N,0,2
CMP:QGSDAATWYASQKL-UHFFFAOYSA-N,QGSDAATWYASQKL-UHFFFAOYSA-N,0,1
CMP:QHEYFBGFAQOPBZ-UHFFFAOYSA-N,QHEYFBGFAQOPBZ-UHFFFAOYSA-N,0,1
CMP:QHOZSLCIKHUPSU-LPLKQDONSA-N,QHOZSLCIKHUPSU-LPLKQDONSA-N,1,1
CMP:QIVBCDIJIAJPQS-UHFFFAOYSA-N,QIVBCDIJIAJPQS-UHFFFAOYSA-N,0,4
CMP:QIVBCDIJIAJPQS-VIFPVBQESA-N,QIVBCDIJIAJPQS-VIFPVBQESA-N,0,2
CMP:QKACYYADMAYIDQ-UHFFFAOYSA-N,QKACYYADMAYIDQ-UHFFFAOYSA-N,1,3
CMP:QKFJKGMPGYROCL-UHFFFAOYSA-N,QKFJKGMPGYROCL-UHFFFAOYSA-N,0,4
CMP:QKUNKVYPGIOQNP-UHFFFAOYSA-N,QKUNKVYPGIOQNP-UHFFFAOYSA-N,1,4
CMP:QLKWZSDBTUTCIJ-PPRDQHCASA-N,QLKWZSDBTUTCIJ-PPRDQHCASA-N,1,4
CMP:QOFQTBTZCJVITI-UHFFFAOYSA-N,QOFQTBTZCJVITI-UHFFFAOYSA-N,0,3
CMP:QPDGFLZXRKDMRL-UHFFFAOYSA-N,QPDGFLZXRKDMRL-UHFFFAOYSA-N,1,4
CMP:QPLQHOGBXHYUEB-UHFFFAOYSA-N,QPLQHOGBXHYUEB-UHFFFAOYSA-N,1,3
CMP:QPUKANZXOGADOB-UHFFFAOYSA-N,QPUKANZXOGADOB-UHFFFAOYSA-N,1,1
CMP:QQONPFPTGQHPMA-UHFFFAOYSA-N,QQONPFPTGQHPMA-UHFFFAOYSA-N,0,1
CMP:QRMNFHXPNKCTAG-VQHVLOKHSA-N,QRMNFHXPNKCTAG-VQHVLOKHSA-N,1,1
CMP:QRUDEWIWKLJBPS-UHFFFAOYSA-N,QRUDEWIWKLJBPS-UHFFFAOYSA-N,0,2
CMP:QRXWMOHMRWLFEY-UHFFFAOYSA-N,QRXWMOHMRWLFEY-UHFFFAOYSA-N,1,2
CMP:QSNSCYSYFYORTR-UHFFFAOYSA-N,QSNSCYSYFYORTR-UHFFFAOYSA-N,0,4
CMP:QUDWYFHPNIMBFC-UHFFFAOYSA-N,QUDWYFHPNIMBFC-UHFFFAOYSA-N,0,1
CMP:QUEDXNHFTDJVIY-UHFFFAOYSA-N,QUEDXNHFTDJVIY-UHFFFAOYSA-N,1,4
CMP:QUKGYYKBILRGFE-UHFFFAOYSA-N,QUKGYYKBILRGFE-UHFFFAOYSA-N,0,4
CMP:QUWSDLYBOVGOCW-UHFFFAOYSA-N,QUWSDLYBOVGOCW-UHFFFAOYSA-N,0,4
CMP:QVCMHGGNRFRMAD-XFGHUUIASA-N,QVCMHGGNRFRMAD-XFGHUUIASA-N,1,0
CMP:QXSIYYQGSPCIHN-UHFFFAOYSA-N,QXSIYYQGSPCIHN-UHFFFAOYSA-N,1,1
CMP:QYPPRTNMGCREIM-UHFFFAOYSA-N,QYPPRTNMGCREIM-UHFFFAOYSA-N,0,1
CMP:QYZJZOXEQZLXDY-UHFFFAOYSA-N,QYZJZOXEQZLXDY-UHFFFAOYSA-N,0,3
CMP:QZVCTJOXCFMACW-UHFFFAOYSA-N,QZVCTJOXCFMACW-UHFFFAOYSA-N,1,0
CMP:RADRBZBLNXVQEU-UHFFFAOYSA-N,RADRBZBLNXVQEU-UHFFFAOYSA-N,0,0
CMP:RAUQLNDTFONODT-UHFFFAOYSA-N,RAUQLNDTFONODT-UHFFFAOYSA-N,1,3
CMP:RAUWPNXIALNKQM-UHFFFAOYSA-N,RAUWPNXIALNKQM-UHFFFAOYSA-N,0,4
CMP:RCFKQVLHWYOSFF-UHFFFAOYSA-N,RCFKQVLHWYOSFF-UHFFFAOYSA-N,1,2
CMP:RCGYDFVCAAKKNG-UHFFFAOYSA-N,RCGYDFVCAAKKNG-UHFFFAOYSA-N,0,0
CMP:RDHPKYGYEGBMSE-UHFFFAOYSA-N,RDHPKYGYEGBMSE-UHFFFAOYSA-N,1,4
CMP:RDYMFSUJUZBWLH-UHFFFAOYSA-N,RDYMFSUJUZBWLH-UHFFFAOYSA-N,0,2
CMP:REQPQFUJGGOFQL-UHFFFAOYSA-N,REQPQFUJGGOFQL-UHFFFAOYSA-N,0,0
CMP:RFFLAFLAYFXFSW-UHFFFAOYSA-N,RFFLAFLAYFXFSW-UHFFFAOYSA-N,0,2
CMP:RFHAOTPXVQNOHP-UHFFFAOYSA-N,RFHAOTPXVQNOHP-UHFFFAOYSA-N,0,1
CMP:RFTLRARXCLEDBA-UHFFFAOYSA-N,RFTLRARXCLEDBA-UHFFFAOYSA-N,1,3
CMP:RGCLLPNLLBQHPF-UHFFFAOYSA-N,RGCLLPNLLBQHPF-UHFFFAOYSA-N,0,4
CMP:RHMXXJGYXNZAPX-UHFFFAOYSA-N,RHMXXJGYXNZAPX-UHFFFAOYSA-N,0,1
CMP:RHUYHJGZWVXEHW-UHFFFAOYSA-N,RHUYHJGZWVXEHW-UHFFFAOYSA-N,1,2
CMP:RIBGNAJQTOXRDK-UHFFFAOYSA-N,RIBGNAJQTOXRDK-UHFFFAOYSA-N,1,1
CMP:RIKJWJIWXCUKQV-UHFFFAOYSA-N,RIKJWJIWXCUKQV-UHFFFAOYSA-N,1,3
CMP:RJIPASZIRLEOEO-UHFFFAOYSA-N,RJIPASZIRLEOEO-UHFFFAOYSA-N,1,4
CMP:RJKGJBPXVHTNJL-UHFFFAOYSA-N,RJKGJBPXVHTNJL-UHFFFAOYSA-N,0,0
CMP:RKUNBYITZUJHSG-PJPHBNEVSA-N,RKUNBYITZUJHSG-PJPHBNEVSA-N,0,0
CMP:RKWGIWYCVPQPMF-UHFFFAOYSA-N,RKWGIWYCVPQPMF-UHFFFAOYSA-N,0,0
CMP:RLBIQVVOMOPOHC-UHFFFAOYSA-N,RLBIQVVOMOPOHC-UHFFFAOYSA-N,0,1
CMP:RMJRHCQQOOJZIG-UHFFFAOYSA-N,RMJRHCQQOOJZIG-UHFFFAOYSA-N,1,2
CMP:RMMXTBMQSGEXHJ-UHFFFAOYSA-N,RMMXTBMQSGEXHJ-UHFFFAOYSA-N,0,1
CMP:RMSWMRJVUJSDGN-UHFFFAOYSA-N,RMSWMRJVUJSDGN-UHFFFAOYSA-N,0,3
CMP:RMZNNIOKNRDECR-HNQUOIGGSA-N,RMZNNIOKNRDECR-HNQUOIGGSA-N,1,1
CMP:RNNBHZYEKNHLKT-UHFFFAOYSA-N,RNNBHZYEKNHLKT-UHFFFAOYSA-N,0,3
CMP:ROORDVPLFPIABK-UHFFFAOYSA-N,ROORDVPLFPIABK-UHFFFAOYSA-N,0,2
CMP:RPGQBVHHFQUGBU-UHFFFAOYSA-N,RPGQBVHHFQUGBU-UHFFFAOYSA-N,1,1
CMP:RQKFYFNZSHWXAW-UHFFFAOYSA-N,RQKFYFNZSHWXAW-UHFFFAOYSA-N,0,0
CMP:RRAFCDWBNXTKKO-UHFFFAOYSA-N,RRAFCDWBNXTKKO-UHFFFAOYSA-N,0,0
CMP:RRHGJUQNOFWUDK-UHFFFAOYSA-N,RRHGJUQNOFWUDK-UHFFFAOYSA-N,1,2
CMP:RRRUXBQSQLKHEL-UHFFFAOYSA-N,RRRUXBQSQLKHEL-UHFFFAOYSA-N,1,3
CMP:RRSXICBKOPODSP-UHFFFAOYSA-N,RRSXICBKOPODSP-UHFFFAOYSA-N,0,2
CMP:RSFOTOSOKJMMCB-UHFFFAOYSA-N,RSFOTOSOKJMMCB-UHFFFAOYSA-N,1,3
CMP:RSPJLZQIZABVSE-UHFFFAOYSA-N,RSPJLZQIZABVSE-UHFFFAOYSA-N,1,0
CMP:RTDCJKARQCRONF-UHFFFAOYSA-N,RTDCJKARQCRONF-UHFFFAOYSA-N,1,1
CMP:RUDATBOHQWOJDD-BSWAIDMHSA-N,RUDATBOHQWOJDD-BSWAIDMHSA-N,0,3
CMP:RUFPHBVGCFYCNW-UHFFFAOYSA-N,RUFPHBVGCFYCNW-UHFFFAOYSA-N,1,4
CMP:RUPMSBPCFQDMAY-UHFFFAOYSA-N,RUPMSBPCFQDMAY-UHFFFAOYSA-N,1,1
CMP:RUVINXPYWBROJD-UHFFFAOYSA-N,RUVINXPYWBROJD-UHFFFAOYSA-N,0,3
CMP:RWZYAGGXGHYGMB-UHFFFAOYSA-N,RWZYAGGXGHYGMB-UHFFFAOYSA-N,0,1
CMP:RXERRVKLABZRCU-UHFFFAOYSA-N,RXERRVKLABZRCU-UHFFFAOYSA-N,0,0
CMP:RXPKOTQRDGEKFY-UHFFFAOYSA-N,RXPKOTQRDGEKFY-UHFFFAOYSA-N,1,1
CMP:RXXXJEQCRPLSOQ-UHFFFAOYSA-N,RXXXJEQCRPLSOQ-UHFFFAOYSA-N,1,1
CMP:RYBISXUKVTYYNN-UHFFFAOYSA-N,RYBISXUKVTYYNN-UHFFFAOYSA-N,1,0
CMP:RYHBNJHYFVUHQT-UHFFFAOYSA-N,RYHBNJHYFVUHQT-UHFFFAOYSA-N,1,0
CMP:RYYVLZVUVIJVGH-UHFFFAOYSA-N,RYYVLZVUVIJVGH-UHFFFAOYSA-N,0,4
CMP:RZCKTPORLKUFGY-UHFFFAOYSA-N,RZCKTPORLKUFGY-UHFFFAOYSA-N,1,2
CMP:RZEKVGVHFLEQIL-UHFFFAOYSA-N,RZEKVGVHFLEQIL-UHFFFAOYSA-N,0,4
CMP:RZILCCPWPBTYDO-UHFFFAOYSA-N,RZILCCPWPBTYDO-UHFFFAOYSA-N,0,2
CMP:RZVHIXYEVGDQDX-UHFFFAOYSA-N,RZVHIXYEVGDQDX-UHFFFAOYSA-N,0,2
CMP:RZXLPPRPEOUENN-UHFFFAOYSA-N,RZXLPPRPEOUENN-UHFFFAOYSA-N,0,2
CMP:SBNKFTQSBPKMBZ-UHFFFAOYSA-N,SBNKFTQSBPKMBZ-UHFFFAOYSA-N,1,3
CMP:SBPBAQFWLVIOKP-UHFFFAOYSA-N,SBPBAQFWLVIOKP-UHFFFAOYSA-N,0,4
CMP:SCVJRXQHFJXZFZ-KVQBGUIXSA-N,SCVJRXQHFJXZFZ-KVQBGUIXSA-N,1,3
CMP:SCYULBFZEHDVBN-UHFFFAOYSA-N,SCYULBFZEHDVBN-UHFFFAOYSA-N,0,0
CMP:SEBIKDIMAPSUBY-OVWCXOJYSA-N,SEBIKDIMAPSUBY-OVWCXOJYSA-N,0,2
CMP:SEOVTRFCIGRIMH-UHFFFAOYSA-N,SEOVTRFCIGRIMH-UHFFFAOYSA-N,0,4
CMP:SEQDDYPDSLOBDC-UHFFFAOYSA-N,SEQDDYPDSLOBDC-UHFFFAOYSA-N,0,0
CMP:SERLAGPUMNYUCK-BLEZHGCXSA-N,SERLAGPUMNYUCK-BLEZHGCXSA-N,0,2
CMP:SGDBTWWWUNNDEQ-LBPRGKRZSA-N,SGDBTWWWUNNDEQ-LBPRGKRZSA-N,1,2
CMP:SGEJQUSYQTVSIU-UHFFFAOYSA-N,SGEJQUSYQTVSIU-UHFFFAOYSA-N,0,4
CMP:SGQVWNYSHWQNOS-UHFFFAOYSA-N,SGQVWNYSHWQNOS-UHFFFAOYSA-N,1,4
CMP:SHGAZHPCJJPHSC-YCNIQYBTSA-N,SHGAZHPCJJPHSC-YCNIQYBTSA-N,0,2
CMP:SIGHAVOYMKYMPO-RMHMMWFCSA-N,SIGHAVOYMKYMPO-RMHMMWFCSA-N,1,1
CMP:SIKJAQJRHWYJAI-UHFFFAOYSA-N,SIKJAQJRHWYJAI-UHFFFAOYSA-N,0,4
CMP:SJLBIPLIGYWGJV-UHFFFAOYSA-N,SJLBIPLIGYWGJV-UHFFFAOYSA-N,1,2
CMP:SKNCUWLBDFPISU-UHFFFAOYSA-N,SKNCUWLBDFPISU-UHFFFAOYSA-N,1,0
CMP:SLINHMUFWFWBMU-UHFFFAOYSA-N,SLINHMUFWFWBMU-UHFFFAOYSA-N,0,1
CMP:SMEROWZSTRWXGI-HVATVPOCSA-N,SMEROWZSTRWXGI-HVATVPOCSA-N,0,0
CMP:SMHPLBXIVNQFBA-UHFFFAOYSA-N,SMHPLBXIVNQFBA-UHFFFAOYSA-N,0,2
CMP:SMPZPKRDRQOOHT-UHFFFAOYSA-N,SMPZPKRDRQOOHT-UHFFFAOYSA-N,1,2
CMP:SMYMJHWAQXWPDB-UHFFFAOYSA-N,SMYMJHWAQXWPDB-UHFFFAOYSA-N,0,2
CMP:SNICXCGAKADSCV-JTQLQIEISA-N,SNICXCGAKADSCV-JTQLQIEISA-N,0,0
CMP:SNIOPGDIGTZGOP-UHFFFAOYSA-N,SNIOPGDIGTZGOP-UHFFFAOYSA-N,1,4
CMP:SNKTZBNDUVWOAZ-UHFFFAOYSA-N,SNKTZBNDUVWOAZ-UHFFFAOYSA-N,1,0
CMP:SOFRHZUTPGJWAM-UHFFFAOYSA-N,SOFRHZUTPGJWAM-UHFFFAOYSA-N,0,0
CMP:SPANOECCGNXGNR-UHFFFAOYSA-N,SPANOECCGNXGNR-UHFFFAOYSA-N,1,0
CMP:SPVAQUCGELAFGL-UHFFFAOYSA-N,SPVAQUCGELAFGL-UHFFFAOYSA-N,0,0
CMP:SRPCPRSDICCCRQ-UHFFFAOYSA-N,SRPCPRSDICCCRQ-UHFFFAOYSA-N,0,2
CMP:SRSPQXBFDCGXIZ-JTQLQIEISA-N,SRSPQXBFDCGXIZ-JTQLQIEISA-N,0,3
CMP:SRSYSQPJIQFKKN-UHFFFAOYSA-N,SRSYSQPJIQFKKN-UHFFFAOYSA-N,1,4
CMP:SSPVLHFEMWOTGD-LURJTMIESA-N,SSPVLHFEMWOTGD-LURJTMIESA-N,1,2
CMP:SSPVLHFEMWOTGD-ZCFIWIBFSA-N,SSPVLHFEMWOTGD-ZCFIWIBFSA-N,1,1
CMP:SSZWWUDQMAHNAQ-UHFFFAOYSA-N,SSZWWUDQMAHNAQ-UHFFFAOYSA-N,0,1
CMP:SUBDBMMJDZJVOS-UHFFFAOYSA-N,SUBDBMMJDZJVOS-UHFFFAOYSA-N,1,2
CMP:SUDMLGKFWIJSEI-UHFFFAOYSA-N,SUDMLGKFWIJSEI-UHFFFAOYSA-N,1,2
CMP:SUGZATOHBPXTDV-UHFFFAOYSA-N,SUGZATOHBPXTDV-UHFFFAOYSA-N,1,4
CMP:SUJOMVHQTCCFTH-UHFFFAOYSA-N,SUJOMVHQTCCFTH-UHFFFAOYSA-N,1,4
CMP:SVCNNZDUGWLODJ-RAYFHMIRSA-N,SVCNNZDUGWLODJ-RAYFHMIRSA-N,1,1
CMP:SVLDILRDQOVJED-UHFFFAOYSA-N,SVLDILRDQOVJED-UHFFFAOYSA-N,1,1
CMP:SVPKNMBRVBMTLB-UHFFFAOYSA-N,SVPKNMBRVBMTLB-UHFFFAOYSA-N,0,4
CMP:SWXSJBPKOPJPJL-UHFFFAOYSA-N,SWXSJBPKOPJPJL-UHFFFAOYSA-N,1,3
CMP:SXHWIUYWGJFLKB-UHFFFAOYSA-N,SXHWIUYWGJFLKB-UHFFFAOYSA-N,1,2
CMP:SXRSQZLOMIGNAQ-UHFFFAOYSA-N,SXRSQZLOMIGNAQ-UHFFFAOYSA-N,0,0
CMP:SXSWSYRFTJDJTA-UHFFFAOYSA-N,SXSWSYRFTJDJTA-UHFFFAOYSA-N,0,3
CMP:SXZZHGJWUBJKHH-UHFFFAOYSA-N,SXZZHGJWUBJKHH-UHFFFAOYSA-N,1,0
CMP:SYELZBGXAIXKHU-UHFFFAOYSA-N,SYELZBGXAIXKHU-UHFFFAOYSA-N,0,2
CMP:SZOHWYCBDJPVGO-WAYWQWQTSA-N,SZOHWYCBDJPVGO-WAYWQWQTSA-N,1,2
CMP:TVWOWDDBXAFQDG-UHFFFAOYSA-N,TVWOWDDBXAFQDG-UHFFFAOYSA-N,0,2
CMP:TWBYWOBDOCUKOW-UHFFFAOYSA-N,TWBYWOBDOCUKOW-UHFFFAOYSA-N,0,2
CMP:TWLBRQVYXPMCFK-UHFFFAOYSA-N,TWLBRQVYXPMCFK-UHFFFAOYSA-N,1,1
CMP:TYMLOMAKGOJONV-UHFFFAOYSA-N,TYMLOMAKGOJONV-UHFFFAOYSA-N,0,1
CMP:TZBWQIWBMMBFBF-UHFFFAOYSA-N,TZBWQIWBMMBFBF-UHFFFAOYSA-N,1,0
CMP:TZRXHJWUDPFEEY-UHFFFAOYSA-N,TZRXHJWUDPFEEY-UHFFFAOYSA-N,0,4
CMP:UAARVZGODBESIF-UHFFFAOYSA-N,UAARVZGODBESIF-UHFFFAOYSA-N,1,0
CMP:UATJOMSPNYCXIX-UHFFFAOYSA-N,UATJOMSPNYCXIX-UHFFFAOYSA-N,0,1
CMP:UBMCASIEYGYFCF-UHFFFAOYSA-N,UBMCASIEYGYFCF-UHFFFAOYSA-N,0,0
CMP:UBXSITBCVLNRNX-UHFFFAOYSA-N,UBXSITBCVLNRNX-UHFFFAOYSA-N,1,3
CMP:UCTPNCITVKAWEJ-UHFFFAOYSA-N,UCTPNCITVKAWEJ-UHFFFAOYSA-N,1,4
CMP:UEALKTCRMBVTFN-UHFFFAOYSA-N,UEALKTCRMBVTFN-UHFFFAOYSA-N,0,1
CMP:UEDUENGHJMELGK-HYDKPPNVSA-N,UEDUENGHJMELGK-HYDKPPNVSA-N,0,1
CMP:UEEJHVSXFDXPFK-UHFFFAOYSA-N,UEEJHVSXFDXPFK-UHFFFAOYSA-N,0,4
CMP:UEKQGZQLUMSLNW-UHFFFAOYSA-N,UEKQGZQLUMSLNW-UHFFFAOYSA-N,0,0
CMP:UFBJCMHMOXMLKC-UHFFFAOYSA-N,UFBJCMHMOXMLKC-UHFFFAOYSA-N,0,3
CMP:UHOVQNZJYSORNB-UHFFFAOYSA-N,UHOVQNZJYSORNB-UHFFFAOYSA-N,1,0
CMP:UJOBWOGCFQCDNV-UHFFFAOYSA-N,UJOBWOGCFQCDNV-UHFFFAOYSA-N,1,0
CMP:ULXKXLZEOGLCRJ-BYPYZUCNSA-N,ULXKXLZEOGLCRJ-BYPYZUCNSA-N,0,4
CMP:UMFJAHHVKNCGLG-UHFFFAOYSA-N,UMFJAHHVKNCGLG-UHFFFAOYSA-N,1,4
CMP:UNHSJQXRZCIATF-UHFFFAOYSA-N,UNHSJQXRZCIATF-UHFFFAOYSA-N,0,0
CMP:UNISKOOZAQCSPC-KWVAZRHASA-N,UNISKOOZAQCSPC-KWVAZRHASA-N,1,0
CMP:UOCLXMDMGBRAIB-UHFFFAOYSA-N,UOCLXMDMGBRAIB-UHFFFAOYSA-N,0,2
CMP:UOORRWUZONOOLO-UHFFFAOYSA-N,UOORRWUZONOOLO-UHFFFAOYSA-N,0,0
CMP:UQMRAFJOBWOFNS-UHFFFAOYSA-N,UQMRAFJOBWOFNS-UHFFFAOYSA-N,0,1
CMP:USZDDJLVNDSPSY-UHFFFAOYSA-N,USZDDJLVNDSPSY-UHFFFAOYSA-N,1,1
CMP:UTGQNNCQYDRXCH-UHFFFAOYSA-N,UTGQNNCQYDRXCH-UHFFFAOYSA-N,0,0
CMP:UTMWFJSRHLYRPY-UHFFFAOYSA-N,UTMWFJSRHLYRPY-UHFFFAOYSA-N,0,3
CMP:UTSVPXMQSFGQTM-DCXZOGHSSA-N,UTSVPXMQSFGQTM-DCXZOGHSSA-N,1,0
CMP:UWPBQLKEHGGKKD-GZTJUZNOSA-N,UWPBQLKEHGGKKD-GZTJUZNOSA-N,0,4
CMP:UWSDONTXWQOZFN-UHFFFAOYSA-N,UWSDONTXWQOZFN-UHFFFAOYSA-N,1,2
CMP:UZMVSVHUTOAPTD-UHFFFAOYSA-N,UZMVSVHUTOAPTD-UHFFFAOYSA-N,1,2
CMP:VBKKVDGJXVOLNE-UHFFFAOYSA-N,VBKKVDGJXVOLNE-UHFFFAOYSA-N,0,4
CMP:VCBRBUKGTWLJOB-UHFFFAOYSA-N,VCBRBUKGTWLJOB-UHFFFAOYSA-N,0,2
CMP:VDDRCCQKLVNYHQ-UHFFFAOYSA-N,VDDRCCQKLVNYHQ-UHFFFAOYSA-N,1,3
CMP:VEQOALNAAJBPNY-UHFFFAOYSA-N,VEQOALNAAJBPNY-UHFFFAOYSA-N,1,3
CMP:VETPHHXZEJAYOB-UHFFFAOYSA-N,VETPHHXZEJAYOB-UHFFFAOYSA-N,0,2
CMP:VEZXCJBBBCKRPI-UHFFFAOYSA-N,VEZXCJBBBCKRPI-UHFFFAOYSA-N,1,0
CMP:VFKZTMPDYBFSTM-GUCUJZIJSA-N,VFKZTMPDYBFSTM-GUCUJZIJSA-N,1,2
CMP:VFKZTMPDYBFSTM-KVTDHHQDSA-N,VFKZTMPDYBFSTM-KVTDHHQDSA-N,1,1
CMP:VFLDPWHFBUODDF-UHFFFAOYSA-N,VFLDPWHFBUODDF-UHFFFAOYSA-N,0,4
CMP:VFQXVTODMYMSMJ-UHFFFAOYSA-N,VFQXVTODMYMSMJ-UHFFFAOYSA-N,0,4
CMP:VFWCMGCRMGJXDK-UHFFFAOYSA-N,VFWCMGCRMGJXDK-UHFFFAOYSA-N,0,3
CMP:VGNMVQBFGJATJZ-UHFFFAOYSA-N,VGNMVQBFGJATJZ-UHFFFAOYSA-N,0,2
CMP:VGZSUPCWNCWDAN-UHFFFAOYSA-N,VGZSUPCWNCWDAN-UHFFFAOYSA-N,0,2
CMP:VHNPZOQVSSWOJZ-UHFFFAOYSA-N,VHNPZOQVSSWOJZ-UHFFFAOYSA-N,0,2
CMP:VJNWEQGIPZMBMA-UHFFFAOYSA-N,VJNWEQGIPZMBMA-UHFFFAOYSA-N,0,2
CMP:VKYKSIONXSXAKP-UHFFFAOYSA-N,VKYKSIONXSXAKP-UHFFFAOYSA-N,0,4
CMP:VLCYCQAOQCDTCN-UHFFFAOYSA-N,VLCYCQAOQCDTCN-UHFFFAOYSA-N,0,2
CMP:VLPFTAMPNXLGLX-UHFFFAOYSA-N,VLPFTAMPNXLGLX-UHFFFAOYSA-N,0,4
CMP:VLZVIIYRNMWPSN-UHFFFAOYSA-N,VLZVIIYRNMWPSN-UHFFFAOYSA-N,0,4
CMP:VMMDOCYDNRLESP-UHFFFAOYSA-N,VMMDOCYDNRLESP-UHFFFAOYSA-N,0,3
CMP:VMUXSMXIQBNMGZ-UHFFFAOYSA-N,VMUXSMXIQBNMGZ-UHFFFAOYSA-N,0,3
CMP:VNYKETBBOXBLET-UHFFFAOYSA-N,VNYKETBBOXBLET-UHFFFAOYSA-N,1,4
CMP:VOJLELRQLPENHL-UHFFFAOYSA-N,VOJLELRQLPENHL-UHFFFAOYSA-N,0,2
CMP:VONWDASPFIQPDY-UHFFFAOYSA-N,VONWDASPFIQPDY-UHFFFAOYSA-N,0,1
CMP:VOPWNXZWBYDODV-UHFFFAOYSA-N,VOPWNXZWBYDODV-UHFFFAOYSA-N,0,1
CMP:VQAYFKKCNSOZKM-IOSLPCCCSA-N,VQAYFKKCNSOZKM-IOSLPCCCSA-N,0,0
CMP:VQTUBCCKSQIDNK-UHFFFAOYSA-N,VQTUBCCKSQIDNK-UHFFFAOYSA-N,0,2
CMP:VSVAVMVWTLLTCH-BJMVGYQFSA-N,VSVAVMVWTLLTCH-BJMVGYQFSA-N,1,0
CMP:VTIICEULKUFPJJ-UHFFFAOYSA-N,VTIICEULKUFPJJ-UHFFFAOYSA-N,1,2
CMP:VTLNPNNUIJHJQB-UHFFFAOYSA-N,VTLNPNNUIJHJQB-UHFFFAOYSA-N,1,4
CMP:VTOUNUQLXMNNMQ-UHFFFAOYSA-N,VTOUNUQLXMNNMQ-UHFFFAOYSA-N,0,3
CMP:VTWQUFUBSCXPOW-UHFFFAOYSA-N,VTWQUFUBSCXPOW-UHFFFAOYSA-N,1,4
CMP:VUNCWTMEJYMOOR-UHFFFAOYSA-N,VUNCWTMEJYMOOR-UHFFFAOYSA-N,0,1
CMP:VVBJNJFYBCLUAH-UHFFFAOYSA-N,VVBJNJFYBCLUAH-UHFFFAOYSA-N,1,0
CMP:VVBLNCFGVYUYGU-UHFFFAOYSA-N,VVBLNCFGVYUYGU-UHFFFAOYSA-N,1,0
CMP:VVJKKKDJADMKNM-UHFFFAOYSA-N,VVJKKKDJADMKNM-UHFFFAOYSA-N,0,3
CMP:VVQNEPGJFQJSBK-UHFFFAOYSA-N,VVQNEPGJFQJSBK-UHFFFAOYSA-N,0,2
CMP:VWQKBXQRFVPFAL-UHFFFAOYSA-N,VWQKBXQRFVPFAL-UHFFFAOYSA-N,0,1
CMP:VXPLXMJHHKHSOA-UHFFFAOYSA-N,VXPLXMJHHKHSOA-UHFFFAOYSA-N,0,0
CMP:VYGQUTWHTHXGQB-FFHKNEKCSA-N,VYGQUTWHTHXGQB-FFHKNEKCSA-N,0,3
CMP:VYQNWZOUAUKGHI-UHFFFAOYSA-N,VYQNWZOUAUKGHI-UHFFFAOYSA-N,0,0
CMP:VYTOCZMQXCNIPD-UHFFFAOYSA-N,VYTOCZMQXCNIPD-UHFFFAOYSA-N,0,4
CMP:VYZAHLCBVHPDDF-UHFFFAOYSA-N,VYZAHLCBVHPDDF-UHFFFAOYSA-N,0,4
CMP:VZGDMQKNWNREIO-UHFFFAOYSA-N,VZGDMQKNWNREIO-UHFFFAOYSA-N,1,3
CMP:WAPNOHKVXSQRPX-UHFFFAOYSA-N,WAPNOHKVXSQRPX-UHFFFAOYSA-N,0,0
CMP:WBBDVRPSJSJSPC-UHFFFAOYSA-N,WBBDVRPSJSJSPC-UHFFFAOYSA-N,1,3
CMP:WBEJYOJJBDISQU-UHFFFAOYSA-N,WBEJYOJJBDISQU-UHFFFAOYSA-N,1,4
CMP:WBLZUCOIBUDNBV-UHFFFAOYSA-N,WBLZUCOIBUDNBV-UHFFFAOYSA-N,0,4
CMP:WBNQDOYYEUMPFS-UHFFFAOYSA-N,WBNQDOYYEUMPFS-UHFFFAOYSA-N,1,3
CMP:WDAHFRFQQRIZTK-UHFFFAOYSA-N,WDAHFRFQQRIZTK-UHFFFAOYSA-N,1,0
CMP:WECDUOXQLAIPQW-UHFFFAOYSA-N,WECDUOXQLAIPQW-UHFFFAOYSA-N,1,2
CMP:WEVYAHXRMPXWCK-UHFFFAOYSA-N,WEVYAHXRMPXWCK-UHFFFAOYSA-N,0,0
CMP:WFJIVOKAWHGMBH-UHFFFAOYSA-N,WFJIVOKAWHGMBH-UHFFFAOYSA-N,0,2
CMP:WFJRIDQGVSJLLH-UHFFFAOYSA-N,WFJRIDQGVSJLLH-UHFFFAOYSA-N,0,0
CMP:WFWLQNSHRPWKFK-ZCFIWIBFSA-N,WFWLQNSHRPWKFK-ZCFIWIBFSA-N,0,4
CMP:WHGYBXFWUBPSRW-FOUAGVGXSA-N,WHGYBXFWUBPSRW-FOUAGVGXSA-N,0,2
CMP:WHHGLZMJPXIBIX-UHFFFAOYSA-N,WHHGLZMJPXIBIX-UHFFFAOYSA-N,0,4
CMP:WHIVNJATOVLWBW-UHFFFAOYSA-N,WHIVNJATOVLWBW-UHFFFAOYSA-N,1,4
CMP:WHKUVVPPKQRRBV-UHFFFAOYSA-N,WHKUVVPPKQRRBV-UHFFFAOYSA-N,0,3
CMP:WHNWPMSKXPGLAX-UHFFFAOYSA-N,WHNWPMSKXPGLAX-UHFFFAOYSA-N,1,0
CMP:WHOKDONDRZNCBC-UHFFFAOYSA-N,WHOKDONDRZNCBC-UHFFFAOYSA-N,0,0
CMP:WHUUTDBJXJRKMK-UHFFFAOYSA-N,WHUUTDBJXJRKMK-UHFFFAOYSA-N,0,3
CMP:WHUUTDBJXJRKMK-VKHMYHEASA-N,WHUUTDBJXJRKMK-VKHMYHEASA-N,0,4
CMP:WIIZWVCIJKGZOK-RKDXNWHRSA-N,WIIZWVCIJKGZOK-RKDXNWHRSA-N,0,0
CMP:WJCNZQLZVWNLKY-UHFFFAOYSA-N,WJCNZQLZVWNLKY-UHFFFAOYSA-N,0,3
CMP:WJDNMDMNPIKDCP-UHFFFAOYSA-N,WJDNMDMNPIKDCP-UHFFFAOYSA-N,1,2
CMP:WJFKNYWRSNBZNX-UHFFFAOYSA-N,WJFKNYWRSNBZNX-UHFFFAOYSA-N,0,2
CMP:WJNRPILHGGKWCK-UHFFFAOYSA-N,WJNRPILHGGKWCK-UHFFFAOYSA-N,0,2
CMP:WJYIASZWHGOTOU-UHFFFAOYSA-N,WJYIASZWHGOTOU-UHFFFAOYSA-N,0,0
CMP:WKIPQMJEBCEACS-UHFFFAOYSA-N,WKIPQMJEBCEACS-UHFFFAOYSA-N,0,3
CMP:WKSAUQYGYAYLPV-UHFFFAOYSA-N,WKSAUQYGYAYLPV-UHFFFAOYSA-N,0,0
CMP:WLIJZJZXWRTQIH-UHFFFAOYSA-N,WLIJZJZXWRTQIH-UHFFFAOYSA-N,1,2
CMP:WLKPHJWEIIAIFW-BYPYZUCNSA-N,WLKPHJWEIIAIFW-BYPYZUCNSA-N,0,3
CMP:WMBWREPUVVBILR-WIYYLYMNSA-N,WMBWREPUVVBILR-WIYYLYMNSA-N,0,2
CMP:WNSYEWGYAFFSSQ-UHFFFAOYSA-N,WNSYEWGYAFFSSQ-UHFFFAOYSA-N,1,1
CMP:WNTRMRXAGJOLCU-UHFFFAOYSA-N,WNTRMRXAGJOLCU-UHFFFAOYSA-N,1,4
CMP:WNYADZVDBIBLJJ-UHFFFAOYSA-N,WNYADZVDBIBLJJ-UHFFFAOYSA-N,1,4
CMP:WOEOEFXOZUBXMR-UHFFFAOYSA-N,WOEOEFXOZUBXMR-UHFFFAOYSA-N,1,0
CMP:WOJBAMBWWYIQHQ-QWPQFENESA-N,WOJBAMBWWYIQHQ-QWPQFENESA-N,1,1
CMP:WOZVHXUHUFLZGK-UHFFFAOYSA-N,WOZVHXUHUFLZGK-UHFFFAOYSA-N,0,1
CMP:WPYCRFCQABTEKC-UHFFFAOYSA-N,WPYCRFCQABTEKC-UHFFFAOYSA-N,1,2
CMP:WPYMKLBDIGXBTP-UHFFFAOYSA-N,WPYMKLBDIGXBTP-UHFFFAOYSA-N,0,3
CMP:WSORODGWGUUOBO-UHFFFAOYSA-N,WSORODGWGUUOBO-UHFFFAOYSA-N,0,4
CMP:WSWCOQWTEOXDQX-UHFFFAOYSA-N,WSWCOQWTEOXDQX-UHFFFAOYSA-N,0,1
CMP:WTEVQBCEXWBHNA-UHFFFAOYSA-N,WTEVQBCEXWBHNA-UHFFFAOYSA-N,0,3
CMP:WTTJVINHCBCLGX-NQLNTKRDSA-N,WTTJVINHCBCLGX-NQLNTKRDSA-N,0,4
CMP:WVDDGKGOMKODPV-UHFFFAOYSA-N,WVDDGKGOMKODPV-UHFFFAOYSA-N,0,3
CMP:WWBBEXJQOOTEIL-GDVMHIJESA-N,WWBBEXJQOOTEIL-GDVMHIJESA-N,0,2
CMP:WWXBHTZSYYGCSG-UHFFFAOYSA-N,WWXBHTZSYYGCSG-UHFFFAOYSA-N,0,0
CMP:WXWCDTXEKCVRRO-UHFFFAOYSA-N,WXWCDTXEKCVRRO-UHFFFAOYSA-N,1,2
CMP:WYIWLDSPNDMZIT-IRWWLHRVSA-N,WYIWLDSPNDMZIT-IRWWLHRVSA-N,1,2
CMP:WZCQRUWWHSTZEM-UHFFFAOYSA-N,WZCQRUWWHSTZEM-UHFFFAOYSA-N,0,3
CMP:WZHUJOMADVNYDA-UHFFFAOYSA-N,WZHUJOMADVNYDA-UHFFFAOYSA-N,0,0
CMP:WZUVPPKBWHMQCE-XJKSGUPXSA-N,WZUVPPKBWHMQCE-XJKSGUPXSA-N,1,4
CMP:WZXZCWIUJRKDJF-ROVUYSIBSA-N,WZXZCWIUJRKDJF-ROVUYSIBSA-N,1,1
CMP:XDZKGLWJXJTZJZ-UHFFFAOYSA-N,XDZKGLWJXJTZJZ-UHFFFAOYSA-N,1,2
CMP:XEMRAKSQROQPBR-UHFFFAOYSA-N,XEMRAKSQROQPBR-UHFFFAOYSA-N,1,3
CMP:XFNJVKMNNVCYEK-UHFFFAOYSA-N,XFNJVKMNNVCYEK-UHFFFAOYSA-N,0,4
CMP:XFOHWECQTFIEIX-UHFFFAOYSA-N,XFOHWECQTFIEIX-UHFFFAOYSA-N,1,2
CMP:XJCLWVXTCRQIDI-UHFFFAOYSA-N,XJCLWVXTCRQIDI-UHFFFAOYSA-N,1,0
CMP:XJSFLOJWULLJQS-NGVXBBESSA-N,XJSFLOJWULLJQS-NGVXBBESSA-N,0,1
CMP:XJUZRXYOEPSWMB-UHFFFAOYSA-N,XJUZRXYOEPSWMB-UHFFFAOYSA-N,1,1
CMP:XKABJYQDMJTNGQ-UHFFFAOYSA-N,XKABJYQDMJTNGQ-UHFFFAOYSA-N,1,3
CMP:XLYVHYXTFHZCNY-UHFFFAOYSA-N,XLYVHYXTFHZCNY-UHFFFAOYSA-N,0,4
CMP:XMTQQYYKAHVGBJ-UHFFFAOYSA-N,XMTQQYYKAHVGBJ-UHFFFAOYSA-N,0,1
CMP:XMVJITFPVVRMHC-UHFFFAOYSA-N,XMVJITFPVVRMHC-UHFFFAOYSA-N,0,4
CMP:XMWRWTSZNLOZFN-UHFFFAOYSA-N,XMWRWTSZNLOZFN-UHFFFAOYSA-N,1,2
CMP:XOAAWQZATWQOTB-UHFFFAOYSA-N,XOAAWQZATWQOTB-UHFFFAOYSA-N,0,1
CMP:XOFYZVNMUHMLCC-ZPOLXVRWSA-N,XOFYZVNMUHMLCC-ZPOLXVRWSA-N,0,1
CMP:XPAQFJJCWGSXGJ-UHFFFAOYSA-N,XPAQFJJCWGSXGJ-UHFFFAOYSA-N,0,0
CMP:XPFVYQJUAUNWIW-UHFFFAOYSA-N,XPFVYQJUAUNWIW-UHFFFAOYSA-N,0,0
CMP:XPHPBNGAXWJHHP-UHFFFAOYSA-N,XPHPBNGAXWJHHP-UHFFFAOYSA-N,1,1
CMP:XPJVKCRENWUEJH-UHFFFAOYSA-N,XPJVKCRENWUEJH-UHFFFAOYSA-N,0,3
CMP:XRWKADIRZXTTLH-UHFFFAOYSA-N,XRWKADIRZXTTLH-UHFFFAOYSA-N,1,1
CMP:XSQUKJJJFZCRTK-UHFFFAOYSA-N,XSQUKJJJFZCRTK-UHFFFAOYSA-N,0,2
CMP:XSTXAVWGXDQKEL-UHFFFAOYSA-N,XSTXAVWGXDQKEL-UHFFFAOYSA-N,0,2
CMP:XTXRWKRVRITETP-UHFFFAOYSA-N,XTXRWKRVRITETP-UHFFFAOYSA-N,1,4
CMP:XUCNUKMRBVNAPB-UHFFFAOYSA-N,XUCNUKMRBVNAPB-UHFFFAOYSA-N,1,1
CMP:XWCDCDSDNJVCLO-UHFFFAOYSA-N,XWCDCDSDNJVCLO-UHFFFAOYSA-N,1,3
CMP:XWIYFDMXXLINPU-UHFFFAOYSA-N,XWIYFDMXXLINPU-UHFFFAOYSA-N,1,1
CMP:XWRBMHSLXKNRJX-UHFFFAOYSA-N,XWRBMHSLXKNRJX-UHFFFAOYSA-N,0,0
CMP:XWTYSIMOBUGWOL-UHFFFAOYSA-N,XWTYSIMOBUGWOL-UHFFFAOYSA-N,1,4
CMP:XZBIXDPGRMLSTC-UHFFFAOYSA-N,XZBIXDPGRMLSTC-UHFFFAOYSA-N,1,2
CMP:YACLQRRMGMJLJV-UHFFFAOYSA-N,YACLQRRMGMJLJV-UHFFFAOYSA-N,1,0
CMP:YADVRLOQIWILGX-MIWLTHJTSA-N,YADVRLOQIWILGX-MIWLTHJTSA-N,0,3
CMP:YAHNGTQFNICUIJ-GKAPJAKFSA-N,YAHNGTQFNICUIJ-GKAPJAKFSA-N,0,4
CMP:YAMHXTCMCPHKLN-UHFFFAOYSA-N,YAMHXTCMCPHKLN-UHFFFAOYSA-N,0,1
CMP:YCIMNLLNPGFGHC-UHFFFAOYSA-N,YCIMNLLNPGFGHC-UHFFFAOYSA-N,1,2
CMP:YEBAWWHAYLCCGQ-SSDOTTSWSA-N,YEBAWWHAYLCCGQ-SSDOTTSWSA-N,1,3
CMP:YEJRWHAVMIAJKC-UHFFFAOYSA-N,YEJRWHAVMIAJKC-UHFFFAOYSA-N,0,2
CMP:YFCDLVPYFMHRQZ-UHFFFAOYSA-N,YFCDLVPYFMHRQZ-UHFFFAOYSA-N,1,4
CMP:YGCFIWIQZPHFLU-UHFFFAOYSA-N,YGCFIWIQZPHFLU-UHFFFAOYSA-N,0,4
CMP:YGCOKJWKWLYHTG-UHFFFAOYSA-N,YGCOKJWKWLYHTG-UHFFFAOYSA-N,1,3
CMP:YGGSSUISOYLCBF-UHFFFAOYSA-N,YGGSSUISOYLCBF-UHFFFAOYSA-N,1,1
CMP:YGJHZCLPZAZIHH-UHFFFAOYSA-N,YGJHZCLPZAZIHH-UHFFFAOYSA-N,1,0
CMP:YGLMVCVJLXREAK-UHFFFAOYSA-N,YGLMVCVJLXREAK-UHFFFAOYSA-N,0,1
CMP:YGNXYFLJZILPEK-UHFFFAOYSA-N,YGNXYFLJZILPEK-UHFFFAOYSA-N,1,3
CMP:YIIMEMSDCNDGTB-UHFFFAOYSA-N,YIIMEMSDCNDGTB-UHFFFAOYSA-N,1,0
CMP:YJBYRYVLFAUXBJ-HFTRVMKXSA-N,YJBYRYVLFAUXBJ-HFTRVMKXSA-N,0,3
CMP:YJZOIBYRKVITQF-BYYJOMOJSA-N,YJZOIBYRKVITQF-BYYJOMOJSA-N,0,2
CMP:YLKFDHTUAUWZPQ-UHFFFAOYSA-N,YLKFDHTUAUWZPQ-UHFFFAOYSA-N,1,0
CMP:YLQBMQCUIZJEEH-UHFFFAOYSA-N,YLQBMQCUIZJEEH-UHFFFAOYSA-N,1,3
CMP:YNEVBPNZHBAYOA-UHFFFAOYSA-N,YNEVBPNZHBAYOA-UHFFFAOYSA-N,0,4
CMP:YNMIXGFEAKDKFG-UHFFFAOYSA-N,YNMIXGFEAKDKFG-UHFFFAOYSA-N,0,3
CMP:YNQLUTRBYVCPMQ-UHFFFAOYSA-N,YNQLUTRBYVCPMQ-UHFFFAOYSA-N,1,2
CMP:YNVGQYHLRCDXFQ-XGXHKTLJSA-N,YNVGQYHLRCDXFQ-XGXHKTLJSA-N,1,0
CMP:YQUVCSBJEUQKSH-UHFFFAOYSA-N,YQUVCSBJEUQKSH-UHFFFAOYSA-N,0,2
CMP:YUEXLPFBTMPXCY-UHFFFAOYSA-N,YUEXLPFBTMPXCY-UHFFFAOYSA-N,0,3
CMP:YUKQRDCYNOVPGJ-UHFFFAOYSA-N,YUKQRDCYNOVPGJ-UHFFFAOYSA-N,1,3
CMP:YVJMGYAIELXOQU-UHFFFAOYSA-N,YVJMGYAIELXOQU-UHFFFAOYSA-N,1,3
CMP:YVPLYHWVALRLFV-UHFFFAOYSA-N,YVPLYHWVALRLFV-UHFFFAOYSA-N,1,1
CMP:YVZACCLFRNQBNO-UHFFFAOYSA-N,YVZACCLFRNQBNO-UHFFFAOYSA-N,1,2
CMP:YXIWHUQXZSMYRE-UHFFFAOYSA-N,YXIWHUQXZSMYRE-UHFFFAOYSA-N,0,1
CMP:YXVFYQXJAXKLAK-UHFFFAOYSA-N,YXVFYQXJAXKLAK-UHFFFAOYSA-N,0,1
CMP:YXVJNOXXPKIWIM-UHFFFAOYSA-N,YXVJNOXXPKIWIM-UHFFFAOYSA-N,1,0
CMP:YYTNAQDGJQPZFU-UHFFFAOYSA-N,YYTNAQDGJQPZFU-UHFFFAOYSA-N,1,4
CMP:YYTSGNJTASLUOY-UHFFFAOYSA-N,YYTSGNJTASLUOY-UHFFFAOYSA-N,0,1
CMP:YYYARFHFWYKNLF-UHFFFAOYSA-N,YYYARFHFWYKNLF-UHFFFAOYSA-N,1,1
CMP:ZAHQBPYQBHTECE-UHFFFAOYSA-N,ZAHQBPYQBHTECE-UHFFFAOYSA-N,0,3
CMP:ZAKOWWREFLAJOT-UHFFFAOYSA-N,ZAKOWWREFLAJOT-UHFFFAOYSA-N,0,0
CMP:ZAVLMIGIVYJYMU-UHFFFAOYSA-N,ZAVLMIGIVYJYMU-UHFFFAOYSA-N,1,2
CMP:ZBCATMYQYDCTIZ-UHFFFAOYSA-N,ZBCATMYQYDCTIZ-UHFFFAOYSA-N,1,4
CMP:ZDFULRQJRIJLRF-UHFFFAOYSA-N,ZDFULRQJRIJLRF-UHFFFAOYSA-N,1,1
CMP:ZFIVKAOQEXOYFY-QWWZWVQMSA-N,ZFIVKAOQEXOYFY-QWWZWVQMSA-N,0,3
CMP:ZFMSMUAANRJZFM-UHFFFAOYSA-N,ZFMSMUAANRJZFM-UHFFFAOYSA-N,1,4
CMP:ZFXYFBGIUFBOJW-UHFFFAOYSA-N,ZFXYFBGIUFBOJW-UHFFFAOYSA-N,0,0
CMP:ZINRVIQBCHAZMM-UHFFFAOYSA-N,ZINRVIQBCHAZMM-UHFFFAOYSA-N,1,1
CMP:ZKXDGKXYMTYWTB-UHFFFAOYSA-N,ZKXDGKXYMTYWTB-UHFFFAOYSA-N,1,4
CMP:ZLFVRXUOSPRRKQ-UHFFFAOYSA-N,ZLFVRXUOSPRRKQ-UHFFFAOYSA-N,0,4
CMP:ZLHNYIHIHQEHJQ-UHFFFAOYSA-N,ZLHNYIHIHQEHJQ-UHFFFAOYSA-N,0,3
CMP:ZLSWBLPERHFHIS-UHFFFAOYSA-N,ZLSWBLPERHFHIS-UHFFFAOYSA-N,0,2
CMP:ZMJOVJSTYLQINE-UHFFFAOYSA-N,ZMJOVJSTYLQINE-UHFFFAOYSA-N,1,3
CMP:ZMQAAUBTXCXRIC-UHFFFAOYSA-N,ZMQAAUBTXCXRIC-UHFFFAOYSA-N,1,2
CMP:ZMXDDKWLCZADIW-UHFFFAOYSA-N,ZMXDDKWLCZADIW-UHFFFAOYSA-N,0,4
CMP:ZNEBZIJCDDCNRC-SWTLDUCYSA-N,ZNEBZIJCDDCNRC-SWTLDUCYSA-N,0,1
CMP:ZNSMNVMLTJELDZ-UHFFFAOYSA-N,ZNSMNVMLTJELDZ-UHFFFAOYSA-N,1,4
CMP:ZOJPXCPZDSRIKP-UHFFFAOYSA-N,ZOJPXCPZDSRIKP-UHFFFAOYSA-N,1,3
CMP:ZOMSMJKLGFBRBS-UHFFFAOYSA-N,ZOMSMJKLGFBRBS-UHFFFAOYSA-N,0,4
CMP:ZPTVNYMJQHSSEA-UHFFFAOYSA-N,ZPTVNYMJQHSSEA-UHFFFAOYSA-N,0,0
CMP:ZQBWQLJJMGJREB-UHFFFAOYSA-N,ZQBWQLJJMGJREB-UHFFFAOYSA-N,1,0
CMP:ZQPPMHVWECSIRJ-KTKRTIGZSA-N,ZQPPMHVWECSIRJ-KTKRTIGZSA-N,0,1
CMP:ZRKWMRDKSOPRRS-UHFFFAOYSA-N,ZRKWMRDKSOPRRS-UHFFFAOYSA-N,1,0
CMP:ZRVIKNOBHVPYAM-UHFFFAOYSA-N,ZRVIKNOBHVPYAM-UHFFFAOYSA-N,1,3
CMP:ZRWPUFFVAOMMNM-UHFFFAOYSA-N,ZRWPUFFVAOMMNM-UHFFFAOYSA-N,0,0
CMP:ZSDSQXJSNMTJDA-UHFFFAOYSA-N,ZSDSQXJSNMTJDA-UHFFFAOYSA-N,0,1
CMP:ZSPWEUZMDXEYMX-UHFFFAOYSA-N,ZSPWEUZMDXEYMX-UHFFFAOYSA-N,0,2
CMP:ZTHYODDOHIVTJV-UHFFFAOYSA-N,ZTHYODDOHIVTJV-UHFFFAOYSA-N,0,3
CMP:ZUOUZKKEUPVFJK-UHFFFAOYSA-N,ZUOUZKKEUPVFJK-UHFFFAOYSA-N,0,4
CMP:ZUXJWNFAYDAZJB-UHFFFAOYSA-N,ZUXJWNFAYDAZJB-UHFFFAOYSA-N,1,3
CMP:ZVTOLKAVCZXHFM-UHFFFAOYSA-N,ZVTOLKAVCZXHFM-UHFFFAOYSA-N,1,1
CMP:ZYEMGPIYFIJGTP-UHFFFAOYSA-N,ZYEMGPIYFIJGTP-UHFFFAOYSA-N,1,1
CMP:ZZUFCTLCJUWOSV-UHFFFAOYSA-N,ZZUFCTLCJUWOSV-UHFFFAOYSA-N,0,1
